﻿<?xml version="1.0" encoding="ISO-8859-1" ?><data>
<article>
<title>Mga talunan, mag-concede na kayo! — GO</title>
<author>Ni Joy Cantos</author>
<date>
<month>June</month>
<day>01</day>
<year>2007</year>
</date>
<body>Hinamon ni Genuine Opposition (GO) Spokesman Atty. Adel Tamano ang mga senatoriables na mabababa ang ranking o ang mga wala ng pag-asang makapasok pa sa Magic 12 na magsipag-concede na. “Regardless of the political party, kahit na GO o TU bets, siguro kung talagang mababa sa ranking ay dapat lang na mag-concede na,” sabi ni Tamano. Ginawa ni Tamano ang pahayag sa gitna na rin ng hayagang pag-amin ng pagkatalo ni Team Unity (TU) bet Michael “Tol “ Defensor na aniya’y dapat magsilbing halimbawa sa mga talunang kandidato. “To diffuse the tension all candidates lower than Tol, not only losing GO but all those lower than him from TU must concede. They must do a gentle&shy;man’s meeting and admit their loss in the senatorial race,” dagdag ni Tamano. Bagaman nasa ika–15 slot si Defensor at may pag-asa pang makahabol ay nag-concede ito ka&shy;makalawa. Saludo ang GO sa pag&shy;kamaginoo ni Defensor sa ginawa nitong pagko-concede matapos na ma&shy;bigong makapasok sa Magic 12. Ayon kay Tamano, patunay lamang ito na may dakilang pagmamahal sa bansa si Tol. “It’s a classic thing, Mike concedes, we salute him for love of our country to protect the electoral process,” ani Tamano. Sa partido ng GO ay naunang nag-concede si Sonia Roco na umaming isa siyang talunan mata&shy;pos na number 17 lamang ang makuhang slot sa Magic 12 habang si Tol ay pang-15 naman sa ranking. Sinabi ni Tamano na kung may dapat na na&shy;unang mag-concede sa TU ay dapat na sina Pros&shy;pero Pichay ito at iba pa dahilan milya-milya ang layo ng mga ito sa kanilang mga kalaban. Sakali namang may TU bet na palaring makahabol sa Magic 12, sinabi ni Tamano na hangad niyang si Juan Miguel “Migz” Zubiri ang palarin. Si Zubiri sa kasalu&shy;kuyan ay nasa pang No. 13 at banta sa puwesto ni Aquilino “Koko “ Pimentel III na pang–12 ang slot. Sinabi ni Tamano na kung tutuusin ay mas maraming mga kandidato ng TU na mas mababa pa ang ranking kay Tol ang dapat na mag-concede pero matigas pa rin ito at ang ginawa ni Defensor ay isang magandang halim&shy;bawa. Bagaman hindi direk&shy;tang tinukoy ni Tamano ang mga kandidato ng GO na mababa ang ranking ay malinaw naman sa tabu&shy;lasyon ng Comelec na ang mga ito ay walang iba kundi sina Nikki Coseteng at John Osme&ntilde;a.&nbsp;&nbsp; Kaugnay nito, tiwala naman si Tamano na kung magpapatuloy ang pag-arangkada ng mga pam&shy;bato ng GO ay malamang na maging 8-2-2 pabor sa kanilang mga kandidato ang maging resulta ng canvassing pero kung papa&shy;larin umano si Koko ay 9-2-1.</body>
<link>http://www.philstar.com/Article.aspx?articleId=3509&publicationSubCategoryId=92</link>
</article>
<article>
<title>GO bantay-sarado sa boto ni Alan, Koko, Trillanes</title>
<author></author>
<date>
<month>June</month>
<day>01</day>
<year>2007</year>
</date>
<body>Bantay sarado ngayon ang Genuine Opposition (GO) laban sa posibleng dagdag-bawas operation upang ilaglag sa Magic 12 ang tatlo nilang kandidato na nasa 9, 11 at 12 slot. Ayon kay GO re-elec&shy;tionist Sen. Panfilo “Ping “ Lacson, dahil sa maraming pagtatangka ng kanilang kalabang kampo na bawa&shy;san ang boto ng kanyang mga kasamahang kandi&shy;dato na sina Alan Peter Cayetano, Antonio Trilla&shy;nes IV at Aquilino “Koko “ Pimentel III ay kailangan ang todong pagbabantay sa canvassing. Nabatid kay Ping na may 200,000 pang boto ang hindi nabibilang sa Shariff Kabunsuan, ang bagong tatag na lalawigan sa Mindanao kaya kaila&shy;ngan itong maprotektahan para mapunta sa kandi&shy;datong totoong ibinoto ng taumbayan. Sinabi ni Ping na regular siyang nakikipag-ko&shy;ordinasyon sa kanilang mga kaalyado sa pulitika sa Mindanao para ma&shy;bantayan ang boto nina Alan, Koko at Trillanes. Sina Pimentel, Trillanes at Cayetano ang mga tinaguriang markadong target para sa huling ope&shy;rasyon ng dagdag bawas operation para tuluyang ilaglag sa Magic 12. (Joy Cantos)</body>
<link>http://www.philstar.com/Article.aspx?articleId=3510&publicationSubCategoryId=92</link>
</article>
<article>
<title>Chief Accountant ng AFP, sinibak ng Ombudsman</title>
<author></author>
<date>
<month>June</month>
<day>01</day>
<year>2007</year>
</date>
<body>Sinibak ng tanggapan ng Ombudsman mula sa serbisyo ang Chief Accountant ng Armed Forces of the Phils. (AFP) dahil sa pamemeke ng kanyang Statements of Assets, Liabilities and Networth (SALNs). Sa 29-pahinang desis&shy;yon, sinabi ni Ombudsman Ma. Merceditas N. Gutier&shy;rez na napatunayang guilty si Generoso Reyes del Castillo, Jr. sa kasong Grave Misconduct, Dishonesty and Conduct Prejudicial to the Best Interest of the Service. Bunsod nito, inutos ni Gutierez na kanselahin ang eligibility, pagkum&shy;piska sa retirement benefits nito at hindi na maaari pa itong mabigyan ng anumang puwesto sa gobyerno. Sa record, si del Cas&shy;tillo ay pumasok sa gob&shy;yerno noong Aug. 1, 1971 bilang Accounting Clerk hanggang sa maging Chief Accountant ng AFP noong Dis. 29, 1994. Sa kanyang SALN para sa taong 1994–2004, ang total income niya at ng asawang si Grace Victoria del Castillo sa loob ng 11 taon ay umaabot sa P10,233,736.86. Sa 2004 SALN ni del Castillo, nagkaroon siya ng real at personal several properties na may hala&shy;gang P14,463,901 pero hindi nito dineklara ang ilan pa nitong ari-arian at business interest tulad ng house and lot sa Sta. Mesa, Manila at mga negosyo nilang mag-asawa. Bukod sa mga ma&shy;gagarang sasak&shy;yan, ma&shy;ngilang beses na ring nagtungo sa US, Europa at sa mga bansang Asya si del Castillo. (Angie dela Cruz)</body>
<link>http://www.philstar.com/Article.aspx?articleId=3511&publicationSubCategoryId=92</link>
</article>
<article>
<title>Trillanes hindi tatakas</title>
<author></author>
<date>
<month>June</month>
<day>01</day>
<year>2007</year>
</date>
<body>Walang planong tuma&shy;kas si Magdalo leader at Genuine Opposition (GO) senatorial candidate Antonio Trillanes IV sakaling palarin itong magwagi sa eleksyon. Ito ang binigyang diin ni GO Spokesman Atty. Adel Tamano kaugnay ng ini&shy;haing petisyon ng GO sa Makati City Regional Trial Court na payagan itong makapagpiyansa. Ayon kay Tamano, nga&shy;&shy;&shy;yon pa lamang ay pinag-uusapan na ng mga legal counsel ni Trillanes at ng GO campaign headquarters ang mga karam&shy;patang hakbang na kani&shy;lang gaga&shy; win sakaling su&shy;wertehin si Trillanes na ma&shy;pabilang sa Magic 12 at maiproklama na bilang Senador. Sa kasalukuyan si Tri&shy;l&shy;lanes ay pang No. 11 sa ran&shy;&shy;king kung saan ay pa&shy;tuloy ang pag-ani nito ng suporta sa binibilang na mga Certificate of Canvass (COC’s) sa Comelec. Hindi rin dapat aniya na husgahan si Tril&shy;lanes da&shy;hilan hindi ito ka&shy;raniwang sundalo la&shy;mang dahil nag&shy;tapos ito at sa katunayan ay kaklase pa niya sa Mas&shy;teral’s Degree in Public Administration sa UP. Ayon kay Tamano wa&shy;lang pagtataguan si Tril&shy;lanes at maliban dito ay de&shy;terminado itong magser&shy;bisyo sa publiko kaya ma&shy;labo itong tumakas. Sakali uma&shy;nong pu&shy;&shy;&shy;&shy;mayag ang korte na ma&shy;ka&shy;pagpiyansa si Tril&shy;lanes ay maaari itong isa&shy;ilalim sa kustodya ng Se&shy;nate President upang ma&shy;la&shy;yang ma&shy;kadalo sa sesyon ng Se&shy;nado at mga paglilitis. (Joy Cantos)</body>
<link>http://www.philstar.com/Article.aspx?articleId=3512&publicationSubCategoryId=92</link>
</article>
<article>
<title>Presyo ng LPG sumirit uli: P16.50/tangke itinaas</title>
<author></author>
<date>
<month>June</month>
<day>01</day>
<year>2007</year>
</date>
<body>Tumaas ng P1.50 per kilogram o P16.50 ang halaga ng bawat 11 kilogram ng tangke ng liquified petroleum gas epektibo kagabi kasabay ng pagtaas ng halaga ng Autogas ng 90 sentimos kada litro. Ayon kay LPG Marketers Association president Arnel Ty, ang pagtaas ng halaga ng naturang mga produkto ay epekto ng mataas na halaga ng petroleum products sa world market. “Contract prices went up by $32 as of today, that is the equivalent of P1.50 per kilo,” pahayag ni Ty. Gayunman, niliwanag ni Ty na ang naturang pagtaas ay maaaring panghuli na dahil inaasahan naman nila ang pagbaba ng halaga ng gasolina sa buwan ng Hulyo ng taong ito. (Angie dela Cruz)</body>
<link>http://www.philstar.com/Article.aspx?articleId=3513&publicationSubCategoryId=92</link>
</article>
<article>
<title>Comelec di iiwan ni Sarmiento</title>
<author></author>
<date>
<month>June</month>
<day>01</day>
<year>2007</year>
</date>
<body>Itinanggi ni Commission on Election (Comelec) Commissioner&shy; Rene Sarmiento na magbibitiw ito sa kanyang posisyon sa nabanggit na ahensiya. Ayon kay Sarmiento, tanging ang paghawak nito sa Task Force Maguindanao&nbsp; ang kanyang iniwan at hindi ang kanyang pagiging commissioner. “No, I will not resign. My heart and soul are in the com&shy;mission,” ani Sarmiento. Ipinaliwanag din nito na hindi umano ginamit sa pandaraya ang mga blangkong Election Returns na dinala sa kanyang hotel noong gabi bago pa man magsagawa ng special election sa Lanao del Sur. Binanggit pa rin ni Sarmiento na malinis umano ang mga nabanggit na ERs&nbsp; at hindi ito nagamit sa katiwalian. (Grace dela Cruz)</body>
<link>http://www.philstar.com/Article.aspx?articleId=3514&publicationSubCategoryId=92</link>
</article>
<article>
<title>Karagdagang classrooms unahin — Villar</title>
<author></author>
<date>
<month>June</month>
<day>01</day>
<year>2007</year>
</date>
<body>Umapela kahapon sa pamahalaan si Senate President Manny Villar na kumpletuhin na ang pagpapatayo ng 17,626 mga bagong silid-aralan na pinondohan ng Senado sa 2007 national budget kasabay ng pagbu&shy;bukas ng klase ngayong Hunyo. “We expect that the new classrooms in our public schools are ready for the opening of classes in June,” ani Villar.&nbsp; Ang karagdagang classrooms ay aabot sa halagang P2.613 billion, na napondohan ng Senado sa pama&shy;ma&shy;gitan ng pagtatapyas sa pondo ng ilan pang progra&shy;mang ipinanukala ng gobyerno.&nbsp; Subalit sa kabila ng mga karagdagang silid-aralan, ma&shy;tatapos ang 2007 na kulang pa rin ang mga pam&shy;pub&shy;likong paaralan ng 2,961 silid-aralan, dahil na rin sa taunang pag&shy;taas ng bilang ng mga estudyante.&nbsp; (Joy Cantos)</body>
<link>http://www.philstar.com/Article.aspx?articleId=3515&publicationSubCategoryId=92</link>
</article>
<article>
<title>Batas vs rabies nilagdaan</title>
<author></author>
<date>
<month>June</month>
<day>01</day>
<year>2007</year>
</date>
<body>Nilagdaan na ni Pangulong Arroyo upang maging isang ganap na batas ang panukalang naglalayong kontrolin ang pagkalat ng rabies sa bansa na kalimitang nagmumula sa mga aso.&nbsp; Ang Republic Act 9482, ayon kay Executive Secretary Eduardo Ermita ay mahalaga upang maiwasan ang pagkalat ng rabies na ikina&shy;mamatay ng maraming tao sa Pilipinas.&nbsp;&nbsp; Naka&shy;paloob sa nasabing batas ang mandatoryong pagpapa&shy;bakuna ng aso na pangontra sa rabies. (Malou Escudero)</body>
<link>http://www.philstar.com/Article.aspx?articleId=3516&publicationSubCategoryId=92</link>
</article>
<article>
<title>Beltran, ‘Batasan 5’ lusot sa rebelyon</title>
<author></author>
<date>
<month>June</month>
<day>02</day>
<year>2007</year>
</date>
<body>Pinababasura ng Kor&shy; te Suprema ang kasong rebelyon na isinampa ng gobyerno laban kay Anakpawis Partylist Rep. Crispin Beltran at sa mga miyembro ng tinaguriang Batasan 5. Sa 23-pahinang desis&shy;yon ng SC 2nd division sa pamamagitan ni Associate Justice Antonio Car&shy;pio, iginiit ng SC na wa&shy;lang probable cause para kasuhan ng rebelyon si Beltran at tinaguriang Ba&shy;tasan 5 na sina Gabriela Rep. Liza Maza, Anakpa&shy;wis Rep. Joel Virador, Bayan Muna Reps. Satur Ocampo, Teodoro Casino at Rafael Mariano. Ayon sa SC, dapat may uprising at paggamit ng armas bago matawag na rebelyon, na wala sa kaso ni Beltran at sa Batasan 5. Nabigo ring sundin ng inquest prosecutors ang nakasaad sa rules of proceedings kaugnay sa pagpapatupad ng warrantless arrest nang ares&shy;tuhin si Beltran sa Marilao, Bulacan noong Pebrero 2006. “The allegations in these affidavits are far from the proof needed to indict Beltran for taking part in an armed public up&shy;rising against the govern&shy;ment...none of the affidavits stated that Beltran committed specific acts of promoting, maintaining, or heading a rebellion as found in the resolution of the DoJ,” nakasaad pa sa desisyon ng SC. Sinabi pa ng SC, sa mga isinumiteng affidavits ay sina Ruel Escala at Raul Cachuela lamang ang nagsasabing kabilang si Beltran sa nagbabalak patalsikin sa puwesto si Pangulong Arroyo noong anibersaryo ng EDSA 2. “None of Beltran’s arresting officers saw Bel&shy;tran commit, in their presence, the crime of rebellion. Nor did they have personal knowledge of facts and circumstances that Beltran had just committed rebellion, sufficient to form probable cause to believe that he had committed rebellion,” paliwa&shy;nag pa ng High Tribunal sa desisyon nito. Magugunita na nag-isyu ng Presidential Proclamation 1017 si PGMA noong Feb. 24, 2006 kung saan ay inilagay ang bansa sa state of national emergency kasunod ang pag-aresto kay Beltran na ikinulong sa Camp Cra&shy;me. Kinasuhan si Beltran at 1st Lt. Lawrence San Juan at iba pa dahil sa planong pagpapatalsik sa gobyerno sa pamamagi&shy;tan umano ng sabwatan ng Communist Party of the Philippines at Maka&shy;bayang Kawal Pilipino. Nagpalabas naman ang Department of Justice ng resolusyon kung saan ay sinabing mayroong probable cause para ka&shy;su&shy;han sina Beltran at San Juan ng rebelyon noong Feb.27, 2006 sa Makati Regional Trial Court.&nbsp; Sa desisyon ng SC, inu&shy;tusan nito ang Makati RTC na palayain si Bel&shy;tran kung wala nang ibang kaso na kinakaharap. &nbsp;(Rudy Andal)</body>
<link>http://www.philstar.com/Article.aspx?articleId=3768&publicationSubCategoryId=92</link>
</article>
<article>
<title>Senate Presidency aagawin ni Nene kay Villar</title>
<author></author>
<date>
<month>June</month>
<day>02</day>
<year>2007</year>
</date>
<body>Tatangkain umano ni Senate Minority Floor&shy;leader Aquilino “Nene” Pimentel na agawin kay Senate President Manuel Villar ang liderato ng Sena&shy;do sa pagbubukas ng ika –14 sesyon ng Kongreso. Sa kasalukuyan ay matunog ang pangalan ni Pimentel na siya uma&shy;nong mahigpit na maka&shy;kalaban ni Villar sa nasa&shy;bing posis&shy;yon habang may tsansa rin si Sen. Mar Roxas sa nasabing posisyon. Maugong ang panga&shy;lan ni Pimentel para hu&shy;malili sa puwesto ni Villar, ito’y sakaling desisyunan ng mayorya ng oposisyon na nakakopo sa Senado kung dapat na ngang pali&shy;tan ang huli o pana&shy;tilihin sa kanyang pu&shy;westo. Bagaman nangu&shy;ngu&shy;na si GO bet Loren Le&shy;garda sa ranking ng mga sena&shy;toriables ay mas&shy;yado pa itong bata para pamunuan ang Senado. Una na ring inihayag ni Legarda na wala pa sa kaniyang interes ang ma&shy;ging Senate President at hindi pa niya ito pinag-iisipan sa kasalukuyan. Tumanggi naman si Pimentel na magkomento sa nasabing isyu habang si Villar ay tiwalang mapa&shy;panatili niya ang pagiging Senate President. Sa panig naman ng GO, sinabi ni Spokesman Atty. Adel Tamano na ang pag&shy; hawak ng liderato sa Sena&shy;do ay ibabase sa ‘coalition vote’ ng oposis&shy;yon.&nbsp; Pero hindi pabor si Sen. Panfilo Lacson sa pa&shy;nu&shy;kalang magkaroon ng term-sharing sa pag&shy;hawak ng liderato sa Senado. “We don’t want sharing of the Senate presidency. We want a clear vote of confidence with the Senate leadership para walang aberya,” ani Lacson.&nbsp; Samantala ayon na&shy;man sa grupo ni Sen. Mi&shy;riam Defensor-Santiago, matibay rin ang indikas&shy;yon na mapapanatili ni Villar ang kaniyang po&shy;sisyon dahil sa matibay na sama&shy;han ng Wednesday Club ng huli. “I think Wednesday Club will remain and will grow even stronger... It might be difficult for Senate Pimentel although we can never tell,” giit pa ni San&shy;tiago. (Joy Cantos)</body>
<link>http://www.philstar.com/Article.aspx?articleId=3769&publicationSubCategoryId=92</link>
</article>
<article>
<title>Impeach bid ng oposisyon vs GMA pupulutin sa kangkungan - solons</title>
<author></author>
<date>
<month>June</month>
<day>02</day>
<year>2007</year>
</date>
<body>Naniniwala ang mga kongresistang kaalyado ni Pangulong Arroyo na pani&shy;bagong kabiguan ang sa&shy;sapitin ng oposisyon saka&shy;ling maghain ito ng impeachment complaint la&shy;ban sa Punong Ehekutibo. Ayon kina House Majority Leader Prospero Nograles at Baguio City Rep. Mauricio Domogan, bagama’t malaya ang opo&shy;sisyon na maghain ng rek&shy;lamong patalsikin sa pu&shy;westo si Pangulong&nbsp; Arroyo, dapat din malaya at maluwag sa loob ng opo&shy;sisyon na tanggapin ang magiging resulta nito. Nagpahayag ng pagti&shy;tiwala ang mga kongresista na sa kangkungan dadam&shy;putin ang binabalak na paghahain ng impeachment complaint. Ginawa nina Nograles at Domogan ang pahayag makaraan sabihin ni Ta&shy;guig-Pateros Rep. Alan Peter Cayetano na posib&shy;leng maghain ng impeachment complaint ang opo&shy;sis&shy;yon sa pagbubukas ng sesyon ng Kongreso sa Hulyo. Ayon pa kay Nograles, nakakadismaya at nakaka&shy;lungkot na matapos ang halalan ay sasabak na na&shy;man ang Kongreso sa isang proseso na pipilay sa ekonomiya ng bansa. Sinabi pa ng kongresista na hindi na natuto ang oposisyon sa karanasan matapos na ibasura ng Kongreso ang unang dala&shy;wang reklamo. Inihayag pa ni Nograles na ang pagpapaunlad ng bansa ang pangunahing aasikasuhin ng Mababang Kapulungan ng Kongreso sa pagbubukas ng sesyon kaysa maging sandata ito ng propaganda ng iilang ambisyosong pulitiko. Ikinadismaya at ikina&shy;lungkot naman ni Domo&shy;gan ang plano ni Cayetano at ng oposisyon na mag&shy;hain ng reklamo.&nbsp; “It’s unfortunate that their first agenda in the 14th Congress is a move that will further divide the nation after a tough electoral contest,” pahayag pa ni Domo&shy;gan. (Butch Quejada)</body>
<link>http://www.philstar.com/Article.aspx?articleId=3770&publicationSubCategoryId=92</link>
</article>
<article>
<title>Partial proclamation ng senador hindi uli natuloy</title>
<author></author>
<date>
<month>June</month>
<day>02</day>
<year>2007</year>
</date>
<body>Hindi na naman natuloy ang partial proclamation ng mga nanalong senador ngayong Sabado matapos muling bawiin ni Commission on Election Chairman Benjamin Abalos ang proklamasyon dahil mayroon pa umanong mahigit 2 milyong boto na isasalang sa bilangan. Ito ang ikalawang pagkakataon na naudlot ang prokla&shy;masyon. Kahapon ay mga certificate of canvass lang mula sa Caloocan ang nabilang at may mga boto pang hinihintay na magmumula sa walong probinsiya at re-canvassing naman sa Maguindanao. (Grace dela Cruz)</body>
<link>http://www.philstar.com/Article.aspx?articleId=3771&publicationSubCategoryId=92</link>
</article>
<article>
<title>2 Nursing exec pinakakasuhan</title>
<author></author>
<date>
<month>June</month>
<day>02</day>
<year>2007</year>
</date>
<body>Inutos ni Ombudsman Merceditas Gutierrez ang pagsasampa ng kasong kriminal sa Sandiganbayan laban sa dalawang opisyal ng Board of Nursing na sangkot umano sa kontrobersyal na 2006 nursing board exam leakage. Dinismis din ni Gutierrez ang motion for reconsideration ng mga akusadong sina Virginia Diolola-Madeja, examiner sa Medical Surgery Nursing; at Anesia Buenafe-Dionisio ng Psychiatric Nursing. Sapat umano ang ebidensya laban sa dalawa. (Angie dela Cruz)</body>
<link>http://www.philstar.com/Article.aspx?articleId=3772&publicationSubCategoryId=92</link>
</article>
<article>
<title>LTFRB nagbabala sa colorum na school bus</title>
<author></author>
<date>
<month>June</month>
<day>02</day>
<year>2007</year>
</date>
<body>Binalaan ng Land Transportation Franchising and Regulatory Board ang mga magulang na huwag kukunin ang serbisyo ng mga colorum school service para maihatid ang kanilang mga anak sa paaralan ngayong pasukan. Ang babala ay ginawa ni LTFRB Chairman Thompson Lantion makaraang makipagpulong sa mga opisyal at miyembro ng Alliance of School Service Association of the Philippines bilang bahagi ng paghahanda ng ahensiya sa pagsisimula ng pasukan sa Hunyo 4. Sinabi ni Lantion na walang katiyakang ligtas sa mga colorum na school service ang mga batang mag-aaral kaya dapat ditong mag-ingat. Wala ring makukuhang anumang benepisyo at pakinabang ang mga biktima ng aksidente sa lansangan laluna ang mga mag-aaral na sakay ng school service na walang franchise. (Angie dela Cruz)</body>
<link>http://www.philstar.com/Article.aspx?articleId=3774&publicationSubCategoryId=92</link>
</article>
<article>
<title>Aling Puring confab matagumpay na nailunsad</title>
<author></author>
<date>
<month>June</month>
<day>02</day>
<year>2007</year>
</date>
<body>Naging matagumpay ang tatlong araw na “Tindahan ni Aling Puring” Sari-Sari Store Convention na inilunsad ng Puregold Price Club Inc. sa World Trade Center na pinakinabangan ng 16,000 OFWs at 126,000 sari-sari store owners. Nagbukas ng magagandang oportunidad para sa mga maliliit na negosyante ang convention dahil pinalawak nito ang kanilang kontak hindi lamang sa iba pang mga kapwa negosyante kundi pati na sa mga producers at suppliers ng mga itinitinda nilang mga produkto. Sinabi ni Susan Co, Vice Chairman ng Puregold Corp., na alinsunod ito sa layunin ng kumpanya na bigyan ng benepisyo ang kanilang mamimili sa pamamagitan ng de kalidad na serbisyo’t produkto para sulit ang pagiging suki ng mga ito ng Puregold. Ayon naman kay Puregold Price Club Inc. President Leonardo Dayao, naging makabuluhan ang katatapos lamang na convention dahil kaakibat na nito ngayon ang programa para sa OFWs at kooperatiba.</body>
<link>http://www.philstar.com/Article.aspx?articleId=3776&publicationSubCategoryId=92</link>
</article>
<article>
<title>Balasahan sa Senado nakaumang na</title>
<author></author>
<date>
<month>June</month>
<day>03</day>
<year>2007</year>
</date>
<body>Naghahanda na uma&shy;no ang oposisyon sa pi&shy;naplanong balasa&shy;han sa Senado kung saan pa&shy;ngunahing agen&shy;da ay pa&shy;talsikin sa puwesto ang mga kaalyado ng Malaca&shy;&ntilde;ang. Ayon sa report, nag&shy;pulong nitong Huwebes ng gabi ang pitong sena&shy;dor na sina Panfilo Lac&shy;son, Jing&shy;goy Estrada, Mar Roxas, Jamby Madrigal at mga senatoria&shy;bles na sina Loren Le&shy;garda, Noynoy Aquino at Alan Peter Ca&shy;yetano para pag-usapan ang Senate presidency at pagbalasa ng mga ko&shy;mite. Sa kasalukuyan ay hawak ng dalawang ka&shy;sapi ng Wednesday Group na kaalyado ni Senate President Man&shy;ny Villar ang maka&shy;pangya&shy;rihang Blue Ribbon Committee na pinamumunuan ni Sen. Joker Arroyo at ang Rules Committee ni Majority Leader Sen. Francis Pangilinan. Ayon sa ulat, 12 boto lamang ang ka&shy;ilangan para makuha ng oposis&shy;yon ang pa&shy;mumuno sa mga ko&shy;mite tulad ng public works, ways and means, public services and franchises na pa&shy;wang hawak ng administration senators. Bukod sa pito na du&shy;malo sa pulong, ka&shy;alyado din ng oposisyon ang mga hindi naka&shy;dalong sina Pia Ca&shy;yetano at Rodolfo Bia&shy;zon. Ang iba pang miyem&shy;bro ng oposisyon ay sina Aquilino “Nene” Pi&shy;mentel Jr., Francis Es&shy;cudero, Antonio Trilla&shy;nes, Aquilino “Koko” Pimentel III at Villar.&nbsp; Samantala sina Mi&shy;riam Defensor, Ramon “Bong” Revilla, Lito Lapid, Edgardo An&shy;gara, Juan Ponce Enrile at Joker Arroyo ang mga senador na nalalabing maka-admi&shy;nis&shy;trasyon. Hindi naman tiyak ang posisyon ng tatlong sena&shy;dor na sina Francis Pa&shy;ngi&shy;linan at Gregorio Ho&shy;nasan na tumakbong independent at si Sen. Richard Gordon. Sa tantiya ni Jing&shy;goy, posibleng sumama si Honasan sa kanyang men&shy;tor na si Enrile ha&shy;bang hinihintay pa ng grupo ang pagdating ni Pangilinan mula sa Europa kung kanino siya makiki-alyansa.</body>
<link>http://www.philstar.com/Article.aspx?articleId=3931&publicationSubCategoryId=92</link>
</article>
<article>
<title>DOJ idedemanda ni Beltran</title>
<author></author>
<date>
<month>June</month>
<day>03</day>
<year>2007</year>
</date>
<body>Nagbanta kamakalawa ang detenidong si Anak&shy;pawis Rep. Crispin Beltran na idedemanda niya si Department&nbsp; of Justice Secretary Raul Gonzalez, mga government prosecutor at pulis na umaresto sa kanya noong nakaraang taon dahil sa kasong rebelyon. Ginawa ni Beltran ang banta kasunod ng pagdis&shy;mis ng Supreme Court sa kasong rebelyong isinam&shy;pa ng pamahalaan laban sa kanya at sa lima pang partylist representatives na binansagang Batasan 5. “Maliwanag naman na iligal ang pagkakaaresto sa akin at&nbsp; walang habas ang pagkakakulong sa akin,” sabi ni Beltran na mahigit isang taon nang nakapiit sa Philippine Heart Center. Umaasa si Beltran na makakalaya na siya kahit may nakabimbin siyang kaso sa Quezon City Regional Trial Court. Sinabi ni Beltran na plano niyang maglagak ng piyansa sa Lunes kaugnay ng kasong inciting to sedition na isinampa ng pama&shy;halaan laban sa kanya. Hindi naman tutol pa ang government prosecutors sa agarang pagpa&shy;palaya kay Beltran mula sa kanyang hospital arrest. Subalit pinuna ni Senior State Prosecutor Emma&shy;nuel Velas&shy;co ang Korte Suprema na animo’y pi&shy;nagalitan ang DOJ at ang government prosecutors dahil sa pagpasok nila sa pulitika sa pamamagitan ng kaso ni Beltran subalit dapat umano nilang ires&shy;peto ang sinabi ng kataas-taasang hukuman. Iginiit ni Velasco na hinawakan nila ang kaso kasunod ng court procedures at wala umanong personalan ng ipursige nila ang kaso laban kay Bel&shy;tran. (Gemma Amargo-Garcia)</body>
<link>http://www.philstar.com/Article.aspx?articleId=3932&publicationSubCategoryId=92</link>
</article>
<article>
<title>20-M estudyante dadagsa</title>
<author></author>
<date>
<month>June</month>
<day>03</day>
<year>2007</year>
</date>
<body>Handa na ang Department of Education (DepEd) sa pagbabalik-eskwela ng tinatayang 20 milyong estudyante na magsisik&shy;sikan sa mga paaralan sa buong bansa sa pagbu&shy;bukas ng klase bukas. Sa pahayag ni Secretary Jesli Lapus, bagaman karaniwang magiging pro&shy;blema ang kakulangan sa silid-aralan at guro, iniha&shy;yag nito na takda silang kumuha ng 16,390 bagong teachers para punan ang kakulangan nito sa ele&shy;mentarya at high school sa ibat-ibang lugar lalo na sa mga probinsya. “We estimate an enrolment of 13.24 million in the elementary level this school year. Of this, 12.18 million go to public schools while 1.06 million enroll in private schools,” paliwanag ni Lapus. “For the secondary level, there is a projected 6.43 million enrollees with 5.13 million set to go to public high schools, while 1.3 million will be taken in by private secondary high schools. We’re all systems go,” sabi pa ng kalihim. Inamin ng DepEd na may ilang paaralang hina&shy;hati na sa apat na shifts ang isang araw kaya tatlong oras na lang ang lecture sa bawat shift at halos wala nang natutu&shy;tunan ang mga estud&shy; yante. Mag-aagawan din ng mga textbooks sa ilang paaralan dahil inaabot ng limang taon bago palitan ang mga textbook, pero kahit gulagulanit na ay pinagtitiyagaan pa rin ng estudyante. May mangilan-ngilang paaralan pa rin na hindi naaayos matapos mawa&shy;sak ng mga nagdaang bagyo. Ilan dito ay sa Bicol, Quezon at MIMAROPA region Samantala nilinaw pa ni Lapus na walang anumang dapat bayaran sa mga public school maliban lang sa ilang kontribusyon na dapat namang bayaran ng mga estudyante. Sa elementary ay hindi lalagpas ng P55 ang dapat na boluntaryong kontri&shy;bus&shy; yon habang sa high school ay di lalagpas ng P85. Para sa katanungan at sumbong, bukas ang Oplan Balik Eskwela Command Center hanggang sa Hunyo 8 at puwedeng tumawag sa 636-4880, 633-7218 at 633-5429 o magtext&nbsp; sa DEPED FDBK   at ipadala sa 2622 Globe o Smart. (Edwin Balasa)</body>
<link>http://www.philstar.com/Article.aspx?articleId=3933&publicationSubCategoryId=92</link>
</article>
<article>
<title>Pinoy sa US pumatay ng kapitbahay</title>
<author></author>
<date>
<month>June</month>
<day>03</day>
<year>2007</year>
</date>
<body>Isang immigrant na Pilipino sa California, USA ang sinentensyahan noong Huwebes ng isang Superior Court jury dahil sa pagpatay niya sa isa niyang kapitbahay. Sinasabi sa ulat ng lingguhang Union-Tribune na napatunayan ng jury na nagkasala ng second-degree murder ang akusadong si Estracio Nacilla Jr. dahil sa pananaksak at pagpatay niya sa biktimang si Terry Miller, 41, noong Enero 23, 2006 sa San Marcos, San Diego. Inaasahang sa susunod na pagdinig ng korte sa Hulyo 12, papatawan si Nacilla ng parusang 16 taong pagkabilanggo. Sa closing argument, iginiit ni defense attorney Jeff Reichertt na naniniwala si Nacilla na binabastos ito ni Miller&nbsp; bago ito napatay.&nbsp; Nagharap din ng ebidensya ang abogado na nagpapatunay na isang paranoid schizophrenic ang kanyang kliyente. Nagbanta rin anya ang kanyang kliyente na saktan ang sarili nitong pamilya at minsan na nitong binato ng hollow block sa ulo ang isa nitong kapatid.&nbsp; Hindi anya alam ng kanyang kliyente ang ginagawa nito dahil sa diperensya sa pag-iisip nito. Ayon naman sa tagausig na si John Philpott, pinatay ni Nacilla si Miller dahil naiinsulto ang akusado sa ugali ng biktima. Kasalukuyang nakakulong si Nacilla sa Vista jail.</body>
<link>http://www.philstar.com/Article.aspx?articleId=3934&publicationSubCategoryId=92</link>
</article>
<article>
<title>GMA bumiyahe muli</title>
<author></author>
<date>
<month>June</month>
<day>03</day>
<year>2007</year>
</date>
<body>Muling bumiyahe kahapon si Pangulong Arroyo patungong Rome bagaman kararating lang niya kamakalawa mula sa kanyang state visit sa New Zealand at Australia. Sa departure statement ng Pangulo, sinabi nito na magtutungo siya sa Vatican at Portugal para sa “uninterrupted voyage for trade, investments, peace, security at spiritual rearmament” para sa mga mama&shy;mayang Pilipino. Inaasahang dadaluhan niya ang canonization ni Blessed Marie Eugenie na nagtatag sa Religious of Assumption.Magkakaroon din ang Pangulo ng pagkakataon na makaharap si Pope Benedict XVI sa Lunes upang humingi ng blessings para sa mga mamamayang Pilipino. Matapos makipagkita sa Pope, didiretso ang Pangulo sa Portugal para sa isang spiritual journey at mula sa Portugal, dadaan ito sa China bago tuluyang bumalik ng Pilipinas. (Malou Escudero)</body>
<link>http://www.philstar.com/Article.aspx?articleId=3935&publicationSubCategoryId=92</link>
</article>
<article>
<title>Pinoy na pa-Singapore binalaan ng DOLE</title>
<author></author>
<date>
<month>June</month>
<day>03</day>
<year>2007</year>
</date>
<body>Binalaan ng Department of Labor and Employment ang mga overseas Filipino Workers na magtutungo sa Singapore na huwag magdadala ng anumang uri ng likido, aerosol, at gas bunsod sa ipinalabas na kautusan ng International Civil Aviation Organization. Ayon kay Labor Secretary Arturo Brion, ang kanilang babala ay bun&shy;sod sa kautusan ni Labor Attache to Singapore Annabelle Oliveros na epektibo sa May 8, 2007 ay mahigpit na ipatu&shy; tupad ng Singaporean authorities ang nasabing kautu&shy;san. Kinakailangan umano na ang containers na lalagyan nito ay malinaw, resealable plastic bag at hindi hihigit sa isang litro ang laman.&nbsp; (Gemma Garcia)</body>
<link>http://www.philstar.com/Article.aspx?articleId=3936&publicationSubCategoryId=92</link>
</article>
<article>
<title>Beltran hostage!</title>
<author></author>
<date>
<month>June</month>
<day>04</day>
<year>2007</year>
</date>
<body>Malabo pa ring ma&shy;ka&shy;laya at makalabas sa kinakukulungan niyang silid sa Philippine Heart Center si Anakpawis Rep. Cris&shy;pin Beltran kahit dinis&shy;mis noong Biyernes ng Supreme Court ang kinakaharap niyang kasong rebelyon. Ito ay bunga ng lu&shy;making utang niya sa ospital na hindi pa ma&shy;bayaran na umabot sa mahigit P1 milyon.&nbsp; “Sobrang isang mil&shy;yon ang gastos ko rito. Siyempre ang husgado ang nagdesisyon na ako ang magbayad nito,” sabi ni Beltran sa panayam ng dzBB.&nbsp;&nbsp;&nbsp;&nbsp;&nbsp;&nbsp; Nabatid kay Beltran na, dahil sa 15 buwan na niyang pananatili sa ospital, umabot na sa mahigit P1 milyon ang kailangan niyang ba&shy;yaran dito. Dahil dito, sinabi ni Beltran na magpepetis&shy;yon ang kanyang kam&shy;po sa&nbsp; Sandiganbayan para papanagutin ang mga taong nagpaku&shy;long sa kanya. Idadaing niya sa petisyon ang pagkasa&shy;yang ng 15 buwan na sana ay nagawa niyang produktibo bi&shy;lang isang kinatawan sa Kongreso ng party&shy;list na Anakpawis. Dahil dito, magpa&shy;pa&shy;tagal sa pananatili niya sa ospital ang utang niya rito na hindi pa mabayaran at ang plano ng Solicitor General na humingi ng reconsideration sa de&shy;sisyon ng Supreme Court na nagbabasura sa kasong rebelyong isinampa ng pamaha&shy;laan laban sa kanya. Pero, sa kabila ng problemang ito, plano niyang hilingin sa korte na pahintulutan siyang dumalo sa special session ng 13th Congress. Kabilang si Beltran sa tinatawag na Bata&shy;san 5 o limang militan&shy;teng kongresista na kinasuhan noong na&shy;karaang taon at isi&shy;nangkot sa tangkang pagpapabagsak sa pamahalaang Arroyo. Kabilang sa dinismis ng Mataas na Huku&shy;man ang kasong rebel&shy;yon ng mga kasama&shy;han niyang sina Satur Ocampo at Teddy Casino ng Bayan Muna, Liza Maza ng Gabriela at Rafael Mariano ng Anakpawis. Sinabi naman ni National Security Adviser&nbsp; Norberto Gonza&shy;les na dismayado sila ni Justice Secretary Raul Gonzales sa de&shy;sisyon ng Supreme Court pero nakahanda silang harapin ang kontra-demanda ng grupo ni Beltran. Idiniin ni Gonzales na walang nilabag na batas ang pamahalaan bukod sa hindi pa lusot ang Batasan 5 dahil magsasampa sila ng motion for reconsideration. &nbsp;(Joy Cantos)</body>
<link>http://www.philstar.com/Article.aspx?articleId=4176&publicationSubCategoryId=92</link>
</article>
<article>
<title>Manggagawa tatanggap ng double pay sa Hunyo 11</title>
<author></author>
<date>
<month>June</month>
<day>04</day>
<year>2007</year>
</date>
<body>Doble ng kanilang sahod ang tatanggapin ng mga manggagawa kapag pumasok sila sa trabaho sa Hunyo 11. Ito ang inihayag ka&shy;hapon ni Department of&nbsp; Labor and Employment Secretary Arturo Brion&nbsp; na nagpaalala sa mga employer na mag&shy;laan ng additional pay sa kanilang mangga&shy;gawa kapag pumasok ang mga ito sa natu&shy;rang petsa na idinek&shy;lara ng pamahalaan bilang non-working holiday. Ipinaliwanag ni Brion na ang mga mang&shy;ga&shy;gawa sa priba&shy;dong sek&shy;tor ay kaila&shy;ngang tu&shy;manggap ng 200 percent additional pay&nbsp; ka&shy;pag nagtrabaho ang mga ito sa susu&shy;nod na Lunes. Idiniin pa ng kalihim na tatanggapin ng mang&shy;gagawa ang kan&shy;yang regular na sahod sa Lunes kahit day-off niya ito o araw ng tra&shy;baho. Kapag dayoff&nbsp; anya ng isang manggagawa sa Hunyo 11 pero nag&shy;trabaho ito, tatanggap siya ng&nbsp; 260 percent ng kanyang regular na sahod at 30 percent para sa overtime.&nbsp; (Mayen Jaymalin)</body>
<link>http://www.philstar.com/Article.aspx?articleId=4177&publicationSubCategoryId=92</link>
</article>
<article>
<title>8 sa GO di na matinag</title>
<author></author>
<date>
<month>June</month>
<day>04</day>
<year>2007</year>
</date>
<body>Tila hindi na mati&shy;tinag sa Magic 12 ang walo sa mga kandi&shy;datong senador ng Genuine Opposition. Sa canvassing ng Commission on Elections kamakalawa, nangunguna pa rin sina GO bets Loren Legarda na mayroong&nbsp; 17,715,734 boto; Francis Escudero,&nbsp; 17,517,068; at Panfilo Lacson, 14,928,818; Manuel Villar Jr., 14,710,755.&nbsp; Sumusu&shy;nod sina independent candidate Francis&nbsp; Pangilinan, Benigno Aquino III (GO), Ed&shy;gardo Angara (TU), Alan Peter Cayetano (GO),&nbsp; Joker Arroyo (TU), Gregorio&nbsp; Hona&shy;san (Ind), Antonio Trillanes IV at Aquilino “Koko” Pimentel III.&nbsp;&nbsp; (Grace dela Cruz)</body>
<link>http://www.philstar.com/Article.aspx?articleId=4178&publicationSubCategoryId=92</link>
</article>
<article>
<title>Pacman bangkarote?</title>
<author>Ni Ramon M. Bernardo</author>
<date>
<month>June</month>
<day>05</day>
<year>2007</year>
</date>
<body>Bangkarote na ba ang sikat na bok&shy;si&shy;ngerong tinaguriang People’s Champ na si Manny ‘Pacman’ Pacquiao? L&shy;umitaw ang katanungang ito sa paglabas ng isang ulat kaha&shy;pon sa ABS-CBN na nagsa&shy;saad na inila&shy;bas ni Pacquiao ang lahat ng natitira niyang pera sa ilang banko. Dahil sa gi&shy;nawa ng bok&shy;si&shy;ngero na talunang kandidatong kongre&shy;sista sa South Cota&shy;bato, nataranta umano ang isang thrift bank at mga sa&shy;ngay ng da&shy;lawa pang re&shy;gular commercial bank na naka&shy;base sa May&shy;nila dahil nahirapan silang pagserbisyuhan ang ibang depositor o kli&shy;yente sa biglaang withdrawal ng malaking pera ni Pacquiao.&nbsp; Ayon sa ulat, kinuha ni Pacquiao ang lahat ng kanyang pera mula sa isang banko sa General Santos City. Natuklasan umano niya na umabot sa mahigit P140 milyon ang nagastos niya sa nakaraang halalan kaugnay ng pagkandi&shy;dato niya sa pagka&shy;kongresista.&nbsp;&nbsp; Walang naga&shy;wa ang malaking halagang nalus&shy;tay ni Pacquiao dahil tinalo pa rin siya ni South Cotabato Rep. Darlene Antonino-Cus&shy;todio sa nakaraang ha&shy;lalan. Bukod sa nabanggit na banko, kinuha rin ng boksingero ang la&shy;hat ng deposito niya sa dalawa pang banko sa lungsod. Niremedyuhan na lang ng naapektuhang banko ang problema sa pamamagitan ng paggamit sa tinatawag na overnight market para mapaglingkuran ang&nbsp; ibang nababahala nilang mga kliyente. Sinasabi rin na nadismaya si Pacquiao sa pagkabigo ng kan&shy;yang pulitikong sponsor na nakabase sa Metro Manila na i-reimburse o ibalik ang mga nagastos niya noong eleksyon. May usapan umano sila ng kanyang sponsor o principal na aabo&shy;nohan muna niya ang gastusin niya sa kampanya sa South Cotabato at babayaran siya nito pagkatapos ng eleksyon. Pero, nang matapos ang eleksyon, hindi na nakipag-ugnayan o nakipagkita kay Pac&shy;quiao ang kanyang principal. Dahil dito, inilabas ni Pacquiao ang lahat ng pera niya sa banko para mapag-isipan ang gagawin sa mga na&shy;titira niyang kaya&shy;ma&shy;nan.</body>
<link>http://www.philstar.com/Article.aspx?articleId=4347&publicationSubCategoryId=92</link>
</article>
<article>
<title>‘Bus terminals at palengke bobombahin’ – US Embassy</title>
<author></author>
<date>
<month>June</month>
<day>05</day>
<year>2007</year>
</date>
<body>Nagbabala kaha&shy;pon ang United States Embassy sa plano umano ng dayuhang teroristang grupong Jemaah Islamiyah na magpasabog ng bom&shy;ba sa mga bus terminal at&nbsp; palengke sa&nbsp; North Cotabato. Sinasabi sa paha&shy;yag ng embahada na kabilang sa target na bombahin ng JI ang Makilala at Kida&shy;pawan City sa nasa&shy;bing la&shy;lawigan.&nbsp; Maaari umanong isagawa ang pambo&shy;bomba sa susunod na mga araw ng JI na kaalyado ng lokal na bandidong Abu Sayyaf at isang sangay ng Al Qaeda.&nbsp; Kasabay nito, na&shy;nawagan ang US Embassy sa mamamayan nito na mag-ingat at kung maaari ay iwasan muna ang pagbiyahe sa Central Mindanao. (Joy Cantos)</body>
<link>http://www.philstar.com/Article.aspx?articleId=4348&publicationSubCategoryId=92</link>
</article>
<article>
<title>Pinoy todas sa bomba sa Iraq</title>
<author></author>
<date>
<month>June</month>
<day>05</day>
<year>2007</year>
</date>
<body>Isa pang sundalong Filipino-American ang namatay sa pagsabog ng isang bomba sa Iraq habang nagpapatrulya siya sa Ilbu Falris sa naturang bansa. Ayon sa isang ulat kahapon ng Honolulu Star Bulletin, napatay noong Martes ng na&shy;karaang linggo si Sergeant Richard V. Cor&shy;rea, isang 25 anyos na squad leader ng United States Army. Namatay si Correa bunga ng mga sugat na tinamo niya nang suma&shy; bog ang isang bomba habang nag&shy;papatrulya siya sa naturang lugar. Sinasabing naka&shy;talaga siya sa 2nd Batallion, 14th Infantry Regiment, 2nd&nbsp; Brigade Combat Team, 10th Mountain Division na nakabase sa Fort Drum, New York.&nbsp; Tubong Lingayen, Pangasinan si Correa na nagtungo sa Honolulu noong 1990s at sumapi sa US Air Force bago nalipat sa Army noong 2004. Nabigyan siya ng US citizenship noong 2006.</body>
<link>http://www.philstar.com/Article.aspx?articleId=4349&publicationSubCategoryId=92</link>
</article>
<article>
<title>11 nanalong senador bukas ipoproklama?</title>
<author></author>
<date>
<month>June</month>
<day>05</day>
<year>2007</year>
</date>
<body>Matapos sumablay nang dalawang ulit ay muling nagtakda ng panibagong petsa ng proklamasyon ng mga nanalong kandidato sa pagka-senador si Commission on Elections&nbsp; Chairman Benjamin Abalos. Sinabi ni Abalos sa isang radio interview na maaaring maipro&shy;klama ang 11-nana&shy;long kandidato&nbsp; bukas, Miyerkules,&nbsp; dahil na rin sa pagsasagawa muli ng bilangan&nbsp; ng Certificates of Canvass sa Surigao del Norte at Lanao del Norte. Aniya, pipilitin ng Comelec na makapag&shy;proklama bukas&nbsp; dahil matatapos na rin ang bilangan sa&nbsp; Lanao del Sur at ang CoC’s na magmumula sa Sultan Kudarat ay dadalhin na rin sa Philippine International Convention Center para bilangin. Kung hindi man ma&shy;isasagawa ang prokla&shy;masyon sa Miyerkules ay gagawin din ito sa Huwebes. Gayunman, ang ika-12 nanalong senador ay hindi agad maipo&shy;proklama dahil na rin hinihintay pa ang re&shy;sulta ng canvassing sa Maguindanao. (Grace dela Cruz)</body>
<link>http://www.philstar.com/Article.aspx?articleId=4350&publicationSubCategoryId=92</link>
</article>
<article>
<title>2 Pinoy seamen pinalaya sa Nigeria</title>
<author></author>
<date>
<month>June</month>
<day>05</day>
<year>2007</year>
</date>
<body>Kumalat kahapon ang balitang pinalaya na ng mga rebelde sa Nigeria ang dalawang Pilipinong seaman na kinidnap nila sa loob ng apat na oras. Naiulat na sa mga dayuhang media outlet ang pangyayari pero tumanggi pa ang Department of Foreign Affairs na kumpirmahin ito dahil inaalam pa ang detalye sa pag&shy;kakalaya ng mga bi&shy;hag. Naunang kinum&shy;pirma ni Nigeria River State Police Chief Felix Ogbaudu ang paglaya ng mga Pilipino na pa&shy;wang nagtatrabaho umano sa M/V Seacor&nbsp; na nakadaong sa Port Harcourt nang maga&shy;nap ang pagbihag sa mga ito. (Joy Cantos)</body>
<link>http://www.philstar.com/Article.aspx?articleId=4351&publicationSubCategoryId=92</link>
</article>
<article>
<title>Recto sumuko!</title>
<author></author>
<date>
<month>June</month>
<day>05</day>
<year>2007</year>
</date>
<body>Malungkot na ti&shy;nanggap kahapon ni reelectionist Senator Ralph Recto ang pag&shy;katalo niya sa naka&shy;raang senatorial election. Sinabi ni Recto sa kan&shy;yang&nbsp; privilege speech sa special session ng Se&shy;nado na, kahit talunan, pi&shy;nasa&shy;sala&shy;matan niya ang mga bu&shy;moto sa kanya. Si Recto ay siyam na taong nanungkulan bi&shy;lang kongresista at anim na taon naman bilang senador.&nbsp;&nbsp; Inamin ni Recto na, bagaman&nbsp; milyun-mil&shy;yon ang bumoto sa kanya, hindi pa rin ito sapat para makapasok siya sa Ma&shy;gic 12. Pero, ayon sa isang opisyal ng National Move&shy;ment for Free Elections, may tsansa&nbsp; pang makapasok sa Magic 12 sina Team Unity senatorial candidate Juan Mi&shy;guel Zubiri at Recto. Sinabi kahapon ni NAMFREL secretary-general Eric Alvia na humigit-kumulang pang 500,000 o 600,000 boto ang kailangang bilangin ng kanilang mga volunteer.&nbsp;&nbsp;&nbsp;&nbsp;&nbsp;&nbsp;&nbsp;&nbsp;&nbsp; “Sa huling bilang na&shy;min ang layo na lang ng 12 at 13, mga 100,000 na lang eh. Ang mga bibilangin na lang sigu&shy;rong natitira ay more or less 500,000 to 600,000 na lang sa kabuuan,” sabi pa ni Alvia sa isang panayam. (Joy Cantos)</body>
<link>http://www.philstar.com/Article.aspx?articleId=4352&publicationSubCategoryId=92</link>
</article>
<article>
<title>GMA binasbasan ng Papa</title>
<author></author>
<date>
<month>June</month>
<day>05</day>
<year>2007</year>
</date>
<body>Muling nakipagkita kahapon si Pangulong Gloria Arroyo kay Pope Benedict XVI sa Apostolic Palace sa&nbsp; Vatican City upang humingi ng basbas nito. Noon lamang nakaraang taon, naki&shy; pagkita rin ang Pa&shy;ngulo kay Pope Bene&shy;dict nang bumi&shy;sita ito sa Vatican. Sinasabi sa isang pa&shy;hayag ka&shy;hapon ng Malakan&shy;yang na bi&shy;nindisyunan&nbsp; umano ni Pope Be&shy;nedict XVI ang Pa&shy;ngulo at ang mga mamamayang Filipino. (Malou Escudero)</body>
<link>http://www.philstar.com/Article.aspx?articleId=4353&publicationSubCategoryId=92</link>
</article>
<article>
<title>Pulisya sinanay sa ASEAN</title>
<author></author>
<date>
<month>June</month>
<day>05</day>
<year>2007</year>
</date>
<body>Isinasailalim na sa masusing pagsasanay ang mga pulis sa Metro Manila sa la&shy; rangan ng VIP security handling at crowd dispersal makaraang magpa&shy;labas na ang pama&shy;halaan ng pinal na desisyon hinggil sa pagdadausan ng 40th Association of Southeast Asian Nations ministerial meeting at ASEAN Regional Forum.&nbsp; Sinabi ni Southern Police District Chief Superintendent Ro&shy;berto Rosales na aabot sa 5,000 mi&shy;yembro ng kapulisan mula sa iba’t ibang rehiyon ang nakatak&shy;dang ipakalat sa Pa&shy;say City at mga karatig nitong lungsod par&shy;tikular na sa Manila na kinaroroonan ng mga malalaking hotel na tutuluyan ng mga da&shy;yuhang delegado. Na&shy;batid kahapon na pinal na ang desisyon ng pa&shy;mahalaan na sa Philippine International Convention Cen&shy;ter idaos ang pu&shy;long ng ASEAN. (Rose Tamayo-Tesoro)</body>
<link>http://www.philstar.com/Article.aspx?articleId=4354&publicationSubCategoryId=92</link>
</article>
<article>
<title>Beltran nakapasok sa House</title>
<author></author>
<date>
<month>June</month>
<day>05</day>
<year>2007</year>
</date>
<body>Pinahintulutan ka&shy;hapon ng Makati Regional Trial Court si Anakpawis party list Representative Crispin Beltran na makalabas&nbsp; ng Philippine Heart Center upang maka&shy;dalo sa tatlong sunod na araw na sesyon ng House of Representatives ng 13th Congress sa Batasang Pam&shy;bansa na nagsimula din kahapon.&nbsp; Pina&shy;yagan siyang maka&shy;labas ng pagamutan mula alas-3 ng hapon hanggang alas-7 ng gabi mula kahapon hanggang sa araw ng Miyerkules kaya na&shy;kadalo siya sa session ng House. (Rose Ta&shy;mayo-Tesoro)</body>
<link>http://www.philstar.com/Article.aspx?articleId=4355&publicationSubCategoryId=92</link>
</article>
<article>
<title>Kasunduan ng PNCC at Radstock kinatigan</title>
<author></author>
<date>
<month>June</month>
<day>05</day>
<year>2007</year>
</date>
<body>Kinatigan ng Court of Appeals ang P6 bilyong compromise agreement ng&nbsp; Philippine National Cons&shy;truction Corporation at Radstock Securities Limited matapos nitong ibasura ang oposisyon ng Strategic Alliance Development Corp. at Marcos crony na si Rodolfo Cuenca. Ikinagalak naman ni&nbsp; Radstock director Car&shy;los Dominguez ang desisyon ng CA dahil natapos na ang ma&shy;habang legal battle sa kaso. Sa ilalim ng compromise agreement ay magbabayad ang PNCC ng P6.196 bil&shy;yon sa Radstock.&nbsp; (Rudy Andal)</body>
<link>http://www.philstar.com/Article.aspx?articleId=4356&publicationSubCategoryId=92</link>
</article>
<article>
<title>Migz, Koko war umiinit!</title>
<author></author>
<date>
<month>June</month>
<day>06</day>
<year>2007</year>
</date>
<body>Tiniyak kahapon ni Genuine Opposition se&shy;natorial bet Aquilino “Koko” Pimentel Jr. na ipaglalaban niya ang pananatili sa ika-12 slot ng magic circle sa gitna ng pahayag ni Team Unity bet Juan Miguel Zubiri na naniniwala siyang tataas siya sa ika-12 puwesto kapag nabilang na ang lahat ng boto mula sa Mindanao. Ayon kay Pimentel, ang tanging paraan para malag&shy;lag siya sa no. 12 at masilat ni Zubiri ay sa pamama&shy;gitan umano ng “garapa&shy;lang panda&shy;raya.” Pero sinabi ni Reli German, campaign strategist ng TU na dapat ma&shy;la&shy;man ni Pimentel na mas mala&shy;kas sa Mindanao si Zubiri kumpara sa kanya. Tinuran ni German na si Pimentel ay talunan sa sarili niyang balwarte sa Caga&shy;yan de Oro nang minsang tumakbo sa pagka-mayor.&nbsp; Sinabi naman ni Koko na nag-iilusyon lamang umano si Zubiri para sa&shy;bihing mauungusan siya nito sa no. 12 gayong kung tutuusin ay hindi pa naman tapos ang bila&shy;ngan. Sa panig naman ni Zubiri, sinabi nitong kam&shy;pante siyang si Koko at hindi siya ang malalaglag sa Magic 12. “May tsansa pa tayo malaki ang tsansa natin, sana naman ay hindi ga&shy;mitin ng ating kalaban ang isyu ng dayaan kaya la&shy; mang ako makakapa&shy;sok sa Magic 12, malakas po tayo sa Mindanao at hindi natin kailangan ang mandaya,” ani Zubiri. Ilang milyong boto na lamang ang kailangan para mabatid kung sino kina Zubiri at Pimentel ang papalarin sa 1.17M boto na mula sa COCs sa Basilan, Lanao del Sur, Surigao del Norte at Maguindanao. (Joy Cantos)</body>
<link>http://www.philstar.com/Article.aspx?articleId=4618&publicationSubCategoryId=92</link>
</article>
<article>
<title>Partial proclamation ng 10 nalong senador tuloy na ngayon</title>
<author></author>
<date>
<month>June</month>
<day>06</day>
<year>2007</year>
</date>
<body>Tuluy na ngayong gabi ang partial proclamation ngayong araw sa 10 nana&shy; long senador at pinadalhan na ng invitation ng Comelec ang mga kandidatong pa&shy;sok sa winning circle. Ayon kay Comelec Chair&shy;man Benjamin Aba&shy;los, ang proclamation ay isa&shy;sagawa dakong alas-7 ng gabi sa Philippine International Convention Center (PICC). Aniya, mas pinalawak umano ang lugar na pag&shy;darausan ng nasabing proclamation dahil na rin sa inaasahang dadagsa ang mga supporters ng mga kandidatong nais na maka&shy;saksi dito. Batay sa kasaluku&shy;yang Comelec at Namfrel tally, pasok sa magic 10 sina Loren Legarda, Francis Escudero, Panfilo Lacson, Manuel Villar, Francisco Pangilinan, Benigno Aquino Jr., Ed&shy;gardo Angara, Allan Peter Cayetano, Joker Arroyo at Gringo Honasan. Nilinaw&nbsp; naman ni Aba&shy;los na hindi muna maipo&shy;proklama ang ika-12 at ika-13 senador dahil hindi pa natatapos ang canvas&shy;s&shy;ing sa ilang ba&shy;yan ng Minda&shy;nao na aabot sa 1.17M boto.&nbsp; (Grace dela Cruz)</body>
<link>http://www.philstar.com/Article.aspx?articleId=4619&publicationSubCategoryId=92</link>
</article>
<article>
<title>P126-M lotto jackpot di pa nakukubra</title>
<author></author>
<date>
<month>June</month>
<day>06</day>
<year>2007</year>
</date>
<body>Wala pa ring nagpapakita sa tangggapan ng Philippine Charity Sweepstakes Office (PCSO) para kubrahin ang napanalunang P126 milyon grandprize sa tama sa lotto noong nagdaang Sabado. Ayon sa PCSO, naghihintay pa rin sila sa pagdating ng nag-iisang jackpot winner na tubong Cebu City para kolektahin ang napanalunang salapi. Tumanggi din ang PCSO na tukuyin ang eksaktong address ng nanalo. Nabatid na ilang oras bago ang actual draw tumaya ang Cebuano. Hindi rin sariling pili ng nagwagi ang numerong tinayaan kundi lucky pick. Magugunitang ang nasabing lotto jackpot winner ay tumaya sa winning nos. 25-29-07-04-34-31. (Angie dela Cruz)</body>
<link>http://www.philstar.com/Article.aspx?articleId=4620&publicationSubCategoryId=92</link>
</article>
<article>
<title>Pinoy sa US guilty sa rape</title>
<author></author>
<date>
<month>June</month>
<day>06</day>
<year>2007</year>
</date>
<body>Hinatulan ng 25 taong pagkakabilanggo ang isang Pinoy nursing aide matapos na mapatunayang guilty sa kasong panggagahasa sa isang pasyente na may cerebral palsy sa DU Page County sa Illinois, USA. Kinilala ang Pinoy na si Reynaldo Brucal, tubong Lucena City. Napatunayan sa DNA test noong nakalipas na Nobyembre na si Brucal ang ama ng sanggol na ipinanganak ng babaeng kanyang ginahasa. Ibinasura naman ng korte ang alibi ni Brucal na magulo lamang ang isip nito at sobrang nalulungkot kaya pinagpalipasan ng oras ang pangre-rape sa biktima ng gabing mangyari ang insidente noong nakaraang taon. Pinagsisisihan naman ni Brucal ang krimen at tanggap niya ang parusa. Kailangan niyang makulong ng 20 years o 80% ng kanyang sentensiya bago siya ideport sa Pilipinas. (Joy Cantos)</body>
<link>http://www.philstar.com/Article.aspx?articleId=4621&publicationSubCategoryId=92</link>
</article>
<article>
<title>Sen. Loi aalagaan na lang si Erap</title>
<author></author>
<date>
<month>June</month>
<day>06</day>
<year>2007</year>
</date>
<body>Nagpaalam na sa kan&shy;yang mga kasamahan sa Senado si Senator Loi Estrada kung saan itutuon na lamang niya ang kan&shy;yang panahon sa pag-aalaga sa asawang si dating Pangulong Joseph Estrada. Nakatakdang matapos ang termino ni Sen. Loi sa darating na Hunyo 30 bago ang opisyal na pagbubu&shy;kas ng 14th Congress. Sinabi ni Sen. Loi na isa ring doktora, na sa umpisa pa lamang ay wala talaga siyang balak pumasok sa pulitika at ang tanging hangad ay makapagser&shy;bisyo sa bayan sa kani&shy;yang tinapos na propesyon bilang isang mangga&shy;gamot. Aniya, tanging si Erap ang nagbigay ng inspiras&shy;yon sa kaniya kung bakit&nbsp; napasok siya sa Senado. Ayon sa maybahay ni Erap, ipauubaya na niya ang Senado sa kanilang anak na si Sen. Jinggoy Estrada at sa iba pang mga pambato ng oposisyon na sinupor&shy; tahan ang career sa pulitika ni Erap.&nbsp; (Joy Cantos )</body>
<link>http://www.philstar.com/Article.aspx?articleId=4622&publicationSubCategoryId=92</link>
</article>
<article>
<title>Petisyon sa P7.50 pasahe inilatag na</title>
<author></author>
<date>
<month>June</month>
<day>06</day>
<year>2007</year>
</date>
<body>Pormal nang nagsumite ng kanilang petisyon kahapon sa Land Transportation Franchising Regulatory Board (LTFRB) para maibalik na sa P7.50 ang minimum fare sa mga pampasaherong jeep nationwide partikular sa Metro Manila Hiniling nina Obet Martin ng Pasang Masda at Efren de Luna ng Alliance of Concerned Transport Organization (ACTO) na maibalik na sa dating P7.50 ang minimum na pasahe sa mga pampsaherong jeep dahil malaki na ang epekto sa kanila ng nagdaang pagtaas ng halaga ng krudo at gasolina at ito anila ang naging ugat ng pagtaas ng halaga ng bilihin, spare parts at mga bayarin sa mga serbisyo sa pamahalaan. Sa kanyang panig, sinabi naman ni LTFRB Chairman Thompson Lantion na dahil sa naiharap na petisyon, agad silang magtatakda ng araw para sa pagsagawa ng board hearing hinggil dito.&nbsp; (Angie dela Cruz)</body>
<link>http://www.philstar.com/Article.aspx?articleId=4623&publicationSubCategoryId=92</link>
</article>
<article>
<title>Sto. Ni&ntilde;o, regalo ni GMA sa Papa</title>
<author></author>
<date>
<month>June</month>
<day>06</day>
<year>2007</year>
</date>
<body>Niregaluhan ni Pangu&shy;long Arroyo ng isang imahe ng Sto. Ni&ntilde;o Dormido o natutulog na Sto. Nino si Pope Benedict XVI nang makipagkita siya dito&nbsp; ka&shy;ma&shy;kalawa sa Apostolic Palace sa Vatican City. Ang imahe ng Sto. Ni&ntilde;o ay gawa sa ivory ng ele&shy;pante at nililok sa pagitan ng 1970s at 1980s. Ang ‘tapis’ nito ay gawa sa solid gold at ang waistband ay gawa sa solid silver. Naniniwala ang Mala&shy;ca&shy;&ntilde;ang na inilalarawan ng Sto. Ni&ntilde;o ang pagma&shy;mahal ng mga mamamayang Filipino sa mga bata at sa kanilang pagpapahalaga sa buhay. Ang ‘sleeping’ Sto Ni&ntilde;o ay ibinigay ng Pangulo sa Papa sa kanilang one-on-one meeting sa library ng Holy Father. Ayon kay Foreign Affairs Secretary Alberto Romulo, ibinalita ng Pa&shy;ngulo sa Papa ang guma&shy;gandang takbo ng ekono&shy;miya ng bansa at ang pagsisikap ng gobyerno na mawakasan na ang mga extra judicial killings. Ibinigay din umano ng Papa ang kanyang blessings sa Pangulo at sa&nbsp; mamamayang Filipino. (Malou Escudero)</body>
<link>http://www.philstar.com/Article.aspx?articleId=4624&publicationSubCategoryId=92</link>
</article>
<article>
<title>Scholarship ni FG tuloy pa rin</title>
<author></author>
<date>
<month>June</month>
<day>06</day>
<year>2007</year>
</date>
<body>Magpapatuloy ang scholarship ni First Gentleman Mike Arroyo kahit hindi na pangulo ng bansa ang kanyang asawa na si Pangulong Arroyo. Ayon sa Unang Ginoo ang tulong pinansiyal para sa Bagong Doktor Para sa Bayan scholarship program ay mula sa mga donasyon ng mga pribadong sector sa kaniyang First Gentleman’s Foundation. Hindi kailangang bayaran ng scholars ang magagastos ng foundation bagkus ibabalik nila iyon sa paggamot sa mga taong may sakit sa lalawigan. Tumatanggap ang mga&nbsp; scholars ng libreng matrikula, uniporme, medical bags at iba pang pangangailangan para sa kanilang ika-5 taon sa kolehiyo, residency at board exams. Ang mga bagong doctor ng scholarship program ay itatalaga sa mga malalayo at mahihirap na kanayunan oras na makapasa na sila sa board exams.</body>
<link>http://www.philstar.com/Article.aspx?articleId=4626&publicationSubCategoryId=92</link>
</article>