﻿<?xml version="1.0" encoding="ISO-8859-1" ?><data>
<article>
<title>Kasambahay bill aprub na!</title>
<author>Ni Gemma Garcia</author>
<date>
<month>September</month>
<day>07</day>
<year>2012</year>
</date>
<body>MANILA, Philippines - Magandang balita para sa 2 milyong ka&shy;sambahay sa bansa! Matapos ang 16 taon ay naipasa na ang House bill 6144 o ang Kasambahay bill na ipinanukala ni San Juan Rep. JV Ejercito na magbibigay proteksyon sa mga ito. Walang tumutol sa mga kongresista matapos itong pagbotohan sa ikatlo at huling pagbasa. Sa ilalim ng nasa&shy;bing batas, bibigyan ng minimum na P3,500 na buwanang sahod ang mga kasambahay sa Metro Manila, P3,000 naman sa iba pang lungsod at first class municipalities at P2,500 sa iba pang mu&shy;nisipalidad. Obligado din ang mga employers na bigyan ng 13th month pay, SSS at PhilHealth ang mga kasambahay at mayroon isang araw na day-off sa isang linggo. Kailangan din uma&shy;nong bigyan ng kon&shy;trata ang mga kasambahay at dapat na hindi bababa sa 18-anyos. Ikinagalak naman ni Ejercito ang pagkaka&shy;pasa ng nasabing panukala kung saan dalawang mil&shy;yon kasambahay ang ma&shy;kikinabang kapag tuluyan itong magiging batas.</body>
<link>http://www.philstar.com/Article.aspx?articleId=846078&publicationSubCategoryId=92</link>
</article>
<article>
<title>SB namagitan na sa pro at anti-RH solons</title>
<author>Ni Gemma Garcia</author>
<date>
<month>September</month>
<day>06</day>
<year>2012</year>
</date>
<body>MANILA, Philippines – Namagitan na si House Speaker Feliciano Belmonte&shy; sa tumitinding awayan ng pro at anti-RH na mga kongresista matapos ang tension sa plenary. Ito ay matapos na pulungin ni Belmonte kahapon ang mga kongresista na tutol sa Reproductive Health (RH) bill. Layunin umano nito na kumbinsihin ang mga anti-RH Congressmen na pumayag sa pagbuo ng isang katanggap-tanggap na bersyon. Ang Kamara ay bumubuo ng Informal Technical Working Group (TWG) na maglalatag ng amyenda sa panukalang batas. Kasama rin sa iimbitahan sa magiging pulong ng TWG ang Catholic Bishops Conference of the Phi&shy; lippines (CBCP) bagamat hindi pa batid kung kailan magaganap ang pulong na ito. Samantala, iminungkahi naman ni House Minority Leader Danilo Suarez na ituon ang RH bill sa mga pinakamahihirap na pamilyang Pinoy. Nais din ni Suarez na huwag ng ipilit ang pagsasabatas ng RH bill at ipaloob na lamang sa Conditional Cash Transfer (CCT) program ang pamamahagi ng mga contraceptives.</body>
<link>http://www.philstar.com/Article.aspx?articleId=845771&publicationSubCategoryId=92</link>
</article>
<article>
<title>Tigilan na si Corona - Minorya</title>
<author>Nila Butch Quejada at Gemma Garcia</author>
<date>
<month>September</month>
<day>06</day>
<year>2012</year>
</date>
<body>MANILA, Philippines – Umapela sa adminis&shy;trasyon ang oposisyon sa Kamara na maawa at bigyan ng simpatya si&nbsp;dating Chief Justice Renato Corona. Ayon kay House mino&shy;rity leader Danilo Suarez, alam naman ng lahat na nang ma-impeached si Corona ay nawala na ang lahat dito at para na rin isang buhay na patay dahil professionally dead na ito. Giit ni Suarez, hindi na dapat pang dagdagan ang kalbaryo nito sa pamamagitan ng pag&shy;sasampa ng kasong tax evasion at forfeiture case. Ayon kay Suarez, hindi naman napatunayan sa impeachment trial court na&nbsp;galing sa nakaw ang pera ni Corona at kanyang misis at ang napatunayan lamang ay ang pagkakamali sa kanyang Statement of Assets, Liabilities and Net worth (SALN). Pakiusap pa ng mam&shy;babatas huwag nang ta&shy;pak-tapakan pa si Corona dahil nakalugmok na umano ito at sa halip ay kaawaan na lamang ito. Nakuha na umano ng Malakanyang ang gusto nito na tanggalin si Corona kaya dapat naman maging magnanimous in victory ang administras&shy;yon.</body>
<link>http://www.philstar.com/Article.aspx?articleId=845770&publicationSubCategoryId=92</link>
</article>
<article>
<title>'Walang overpricing sa oil firms'</title>
<author>Ni Danilo Garcia</author>
<date>
<month>September</month>
<day>06</day>
<year>2012</year>
</date>
<body>MANILA, Philippines – Walang nagaganap na “overpricing” sa mga kumpanya ng langis sa bansa base sa limang buwang pag-aaral at pagrebisa sa mga isinumiteng doku&shy;mento sa ka&shy;nila, ayon sa review committee ng Department of Energy (DOE). Sa pulong balitaan kahapon, iniligtas ni University of the Philippines (UP) professor Benjamin Dikono, pinuno ng Independent Oil Price Review Committee, ang mga kumpanya ng langis sa paggiit na wala talagang overpricing. Iginiit nito na sumasabay lamang umano ang presyo ng mga produktong petrolyo dito sa Pilipinas sa presyo sa pandaigdigang merkado. Inihalimbawa pa nito ang mas mataas na presyo ng mga produktong petrolyo sa mga ka&shy;lapit bansa tulad ng Indonesia at Thailand. Hindi rin umano masasabi na malaki ang ki&shy;&shy;nikita ng mga oil com&shy;panies kung saan mas ma&shy;taas pa umanong ku&shy;&shy;mita ang mga kumpanya ng casino sa bansa kum&shy;para sa mga ito. Naniniwala din ang independent committee na gumagana naman ang oil deregulation law sa bansa. Patunay umano ang pagtaas ng market share o pagdami ng mga kumpanya ng langis na nag-ooperate simula noong 1998 kung saan umakyat ito sa 25%. Sinabi pa ni Diokno na lumaki rin ang bilang ng mga retail stations o mga gas stations kung saan nagkakatalo ang presyuhan sa lokasyon ng lugar. Inirekomenda rin ng independent com&shy;mittee sa DOE na obligahin ang mga kumpanya ng langis na magsumite ng kanilang financial statement&nbsp;taun-taon para ma&shy;laman ng publiko ang nangyayaring pagtaas o pagbaba ng mga produktong petrolyo sa bansa.</body>
<link>http://www.philstar.com/Article.aspx?articleId=845769&publicationSubCategoryId=92</link>
</article>
<article>
<title>LPA nalusaw, habagat magpapa-ulan</title>
<author>Ni Angie dela Cruz</author>
<date>
<month>September</month>
<day>06</day>
<year>2012</year>
</date>
<body>MANILA, Philippines – Nalusaw na ang low pressure area (LPA) matapos na tumama sa kalupaan ng Quezon province. Gayunman, patuloy na pinag-iingat ng Pagasa ang mga taga Southern Luzon kasama na ang Metro Manila dahil sa pag-uulan na dadalhin dito ng habagat. Patuloy ding binabantayan ng Pagasa ang water level ng La Mesa Dam sa Quezon City matapos itaas ang yellow alert dito. Kapag yellow alert, pinagha&shy;handa ang mga taga rito sa banta ng baha at landslides dahil sa mga pag-uulan na mararanasan sa kanilang lugar. Bunga ng magdamag na pag-ulan, umabot na sa 79.44 meters ang level ng tubig ng dam na epekto ng low pressure area. Nangangahulugan umano ito na 71 centimeters na lang ang layo ng water level sa 80.15 meters na spilling level ng naturang dam.</body>
<link>http://www.philstar.com/Article.aspx?articleId=845768&publicationSubCategoryId=92</link>
</article>
<article>
<title>Tobacco farmers: 'Wag kaming parusahan</title>
<author>Ni Malou Escudero</author>
<date>
<month>September</month>
<day>06</day>
<year>2012</year>
</date>
<body>MANILA, Philippines – Umaapela sa Senado ang mga tobacco gro&shy;wers&nbsp; na ibasura ang panukalang batas na magpapataw ng mataas na buwis sa mga mumurahing siga&shy; rilyo dahil mistulang isa umano itong parusa na posibleng maging dahilan para mamatay ang nag-iisang industriya na nagbibigay ng kabuhayan sa libo-libong magsasaka ng tobacco. Binatikos ng Philippine Tobacco Growers Asso&shy;ciation (PTGA) na may 20,000 miyembro ang gobyerno dahil maituturing umanong isang eksperimento ang isinusulong na mataas na tax scheme kung saan ang maaapektuhan ay ang mga magsasaka. Nauna ng inihayag&nbsp;sa mga senador ni Saturnino Distor, presidente ng or&shy;ga&shy;nisasyon, na hindi naman nila tinututulan mismo ang pagpapataw ng buwis sa sigarilyo, pero ang tutol sila sa sobrang taas na buwis para sa mga “low-grade” na sigarilyo. Nakatitiyak si Distor na marami ang mawawalan ng trabaho kapag tu&shy;luyang ipinatupad ang panukala. Ang PTGA ay kinakatawan ng mga tobacco growers mula sa mga probinsiya ng Pangasinan, La Union, Ilocos Sur, Ilocos Norte, Abra, Isabela, Cagayan at Occidental Mindoro. Sinabi pa ni Distor na kung maayos naman ang kasalukuyang excise tax sa tabako ay hindi na dapat ipilit ng ating gob&shy;yerno na palitan ito ng isang sistemang hindi pa subok. Inaprubahan ng Ma&shy;ba&shy;&shy;bang Kapulungan ng Kongreso noong Hunyo ang panukalang 708 porsi&shy;yentong tax hike sa mga “low-grade, low-priced ciga&shy;rettes; 297 porsiyentong pagtaas sa tax para sa mid-priced brands at 150 persiyentong tax hike sa mga “high-priced brands”. Nagpasalamat naman si Distor kay Senator Ralph Recto dahil sa pagbibigay sa kanila ng pagkakataon na ihayag ang kanilang panig tungkol sa panukalang pagtataas ng buwis sa siga&shy;rilyo.</body>
<link>http://www.philstar.com/Article.aspx?articleId=845767&publicationSubCategoryId=92</link>
</article>
<article>
<title>Totoong bilang ng namamatay sa yosi hingi</title>
<author>Ni Butch Quejada</author>
<date>
<month>September</month>
<day>06</day>
<year>2012</year>
</date>
<body>MANILA, Philippines – Hiniling ng isang non-government organization (NGO) na idetalye sa pub&shy;liko ang ulat tungkol sa tunay na bilang ng namamatay sa Pilipinas sanhi ng paninigarilyo da&shy;hil hindi umano kapani-paniwala ang datos na lumabas sa pagdinig ng sin tax bill. Ayon kay Elvis Campos, ng Mamayan Kilos: Alab ng Maralita na hindi nila kukuwestiyunin ang mga naunang pag-aaral na ang paninigarilyo o sigarilyo ay nagdudulot ng iba’t ibang sakit sa puso, baga at kanser. Bunsod nito kayat hi&shy;nikayat nito ang mga se&shy;nador na hingin sa mga naglabas ng ulat kabilang na ang Department of Health (DOH) na idetalye ito at tukuyin ang datos ng bawat rehiyon sa nakakabahala umanong “smoking-related deaths”. Nauna nang sinabi ng mga health at anti-smo&shy;king advocates tulad ng Framework Convention on Tobacco Control Alliance Philippines (FCAP) at ng Health Justice Phi&shy;lippines, na 10 Pinoy ang nasasawi kada oras o 240 bawat isang araw at halos 90,000 sa loob ng isang taon sanhi ng mga sakit dulot ng panini&shy;garilyo. Bukod dito, nalulugi din umano&nbsp;ng P500 bil&shy;yon taun-taon ang gob&shy;yerno dahil sa healthcare costs at productivity losses. Paliwanag pa ng mga NGOs na ang 10 Pinoy ay nasasawi kada oras dahil sa cancer, stroke, lung at heart diseases gayundin halos ang mga nasasawi sa mga tinatawag na passive smokers.</body>
<link>http://www.philstar.com/Article.aspx?articleId=845766&publicationSubCategoryId=92</link>
</article>
<article>
<title>1 batalyon ng Marines idedeploy sa Palawan</title>
<author>Ni Joy Cantos</author>
<date>
<month>September</month>
<day>06</day>
<year>2012</year>
</date>
<body>MANILA, Philippines – Isang batalyon o kabuuang 500 sundalo ng Phi&shy;lippine Marines ang karagdagang idedeploy sa Pala&shy;wan bilang bahagi ng pagpapalakas ng seguridad kaugnay ng tensyon sa pagitan ng Pilipinas at China sa pinag-aagawang Spratly Islands. Ayon kay Lt. Col. Neil Estrella, spokesman ng AFP Western Command, kasalukuyan ng isinasapinal ang napipintong pagdedeploy ng karagdagang puwersa ng Marines sa Palawan upang tumulong sa naka&shy;deploy ritong dalawang batalyon. Kapag nakumpleto na ang deployment ay mag&shy;la&shy;lagay ng karagdagang artillery at armor support units sa lalawigan. Magkakaroon din ng base ng Marine Brigade sa Puerto Princesa City. Ang isang brigade ay binubuo ng 1,500 hanggang 2,500 tauhan. Kada isang brigade ay may mga apat na tangke o Armored Personnel Carrier at mga transportasyon at malalakas na kalibre ng armas.</body>
<link>http://www.philstar.com/Article.aspx?articleId=845765&publicationSubCategoryId=92</link>
</article>
<article>
<title>PNP kinalampag sa tumataas na krimen</title>
<author>Ni Gemma Garcia</author>
<date>
<month>September</month>
<day>06</day>
<year>2012</year>
</date>
<body>MANILA, Philippines – Hinamon ni Zambales Rep. Mitos Magsaysay ang kapulisan na&nbsp;maging aktibo sa mga kriminal at huwag maging kampante dahil sa patuloy na pagtaas ng kriminalidad sa bansa. Base sa reports, sa unang kalahating taon pa lamang ng 2012, mayroon ng 57 porsiyento ang itinaas ng kriminalidad kumpara sa kahalintulad na buwan noong nakaraang taon kung saan isinisisi ito ng pulisya sa “Smarter criminals”. Giit ng mambabatas, hindi basta maaring sabihin na ang mga kriminal ay mas creative sa paggawa ng mga illegal na aktibidad gayung sumailalim naman sa mga training ang kapulisan upang labanan ang kriminalidad. Idinagdag pa nito na sa tuwing makakatakas ang mga sindikato sa kanilang krimeng ginawa ay mas ma&shy;tinding krimen pa at heinous crimes tulad ng rape at ang kanilang mga biktima ay mas bata na nambibiktima bawat oras. Paliwanag pa ni Magsaysay na kailangan na ng gobyerno na suportahan ang pakikipaglaban ng law enforcement sa pamamagitan ng pag-evaluate sa kahinaan ng pagsasanay at mga kagamitan upang ma&shy;panatili ang peace and order sa bansa.</body>
<link>http://www.philstar.com/Article.aspx?articleId=845764&publicationSubCategoryId=92</link>
</article>
<article>
<title>Rice importer inaresto sa Senado</title>
<author>Ni Malou Escudero</author>
<date>
<month>September</month>
<day>06</day>
<year>2012</year>
</date>
<body>MANILA, Philippines – Hindi na nakaalis kahapon sa Senado ang rice importer na si Cesar Ramirez matapos itong arestuhin ng mga miyembro ng Office of the Sergeant- at-Arms. Pinatawan ng contempt na Senado si Ra&shy; mirez dahil sa pagsisinungaling sa imbestigasyon ng Senate Committee on Agriculture na pinamumunuan ni Senator Francis Pangilinan ka&shy;ugnay sa kontroberisyal na 420,000 sako ng bigas na naipasok sa Subic. Muling dumalo kaha&shy;pon sa pagdinig si Ra&shy;mirez, kung saan nag&shy;sumite pa siya ng “supplemental manifestation with clarification” para ipaliwanag kung bakit hindi siya dapat i-contempt pero tinuyan pa rin siyang ipinakulong ng mga senador. Ayon sa paliwanag ni Ramirez, naguluhan lamang siya at ninerbiyos sa hearing noong Agosto 22, 2012 kaya iba-iba ang kaniyang naging sagot sa komite. Pero hindi nakumbinsi ang mga miyembro ng komite kaya ipinaaresto pa rin si Ramirez. Ayon kay Pangilinan, indefinite o walang katiyakan kung hanggang kailan mananatili si Ra&shy;mirez sa Senado. Samantala, bukod kay Ramirez pinatawan din ng contempt si Protik Guha, ang Indian rice dealer na sabit din sa pagpapasok sa bansa ng 420,000 sako ng bigas. Pero hindi naaresto ng Senado si Guha dahil nasa labas ito ng bansa at nasa New Delhi. Hiniling ng abogado ni Guha na bigyan sila ng palugit para isumite ang kanilang motion for reconsideration. Naunang iginiit ni Guha na hindi para sa Pi&shy;lipinas ang nasa 420,000 sako ng bigas kundi sa Jakarta, Indonesia. Nahuli namang nagsisinungaling si Ramirez dahil sa mga nauna nitong pagharap sa komite,&nbsp;sinabi nitong hindi niya kakilala si Guha gayong nagpapalitan sila ng mensahe sa pamamagitan ng e-mails. Lumabas din na may kasunduan si Guha at Ramirez na mag-import ng bigas. Samantala, binigyan ng komite ng limang araw ang negosyanteng si Mag&shy;dangal Diego Ba&shy;yani III ng St. Andrews Field Grains and Cereal Trading upang ipaliwanag kung bakit hindi siya dapat patawan ng contempt matapos itangging ihayag sa komite kung sinu-sino ang mga financiers niya sa negosyo. Matatandaan na naharang ng Bureau of Customs sa pamumuno ni Commissioner Ruffy Biazon ang pinakama&shy;laking rice smuggling na aabot sa halagang P500 milyon. Dumalo din sa pagdinig si Biazon dahil nasa BOC ang naturang mga bigas.</body>
<link>http://www.philstar.com/Article.aspx?articleId=845763&publicationSubCategoryId=92</link>
</article>
<article>
<title>PNoy tiwala pa kay Puno</title>
<author>Ni Rudy Andal</author>
<date>
<month>September</month>
<day>05</day>
<year>2012</year>
</date>
<body>MANILA, Philippines - Nanatili pa rin ang trust and confidence ni Pangulong Aquino sa kanyang kaibigan at kabarilan na si DILG Usec. Rico Puno. Ayon kay Deputy Presidential Spokesperson Abigail Valte, wala naman silang natatanggap na impormasyon na ayaw na ni Pangulong Aquino kay Usec. Puno. Katunayan, ng masawi si Sec. Jesse Robredo, nananatili pa din si Puno sa DILG. Itinanggi din ni Executive Secretary Paquito Ochoa na nagsumite na ng kanyang resignation letter si Puno bago pa man nasawi si Robredo sa isang plane crash. Magugunita na binigyan ng pagkakataon ni Aquino si incoming DILG Secretary Mar Roxas na kumuha ng sarili niyang mga tauhan. Nauna ng pinaba&shy;kante ni Roxas ang mga co-terminus appointees sa DILG kung saan kasama sa mga dapat magbitiw si Puno na kilalang shooting buddy ng Pangulo.</body>
<link>http://www.philstar.com/Article.aspx?articleId=845388&publicationSubCategoryId=92</link>
</article>
<article>
<title>P1.8M isinoli ng janitor sa NAIA</title>
<author>Ni Butch Quejada</author>
<date>
<month>September</month>
<day>05</day>
<year>2012</year>
</date>
<body>MANILA, Philippines - Hindi nag-atubili ang isang janitor sa domestic terminal ng Ninoy Aquino International Airport (NAIA) terminal 2 matapos niyang isauli ang napulot niyang P1.8 milyon halaga ng iba’t ibang klase ng mga alahas at P600,000 cash ng maiwan ito ng papaalis na pasahero papuntang Cebu, kahapon. Nakilala ang janitor na si&nbsp;Ronald C. Gadayan, nakatalaga sa&nbsp;NAIA terminal 2 pre-departure area south wing domestic terminal. Kuwento ni Gadayan, habang naglilinis siya sa pre-departure lounge ay nakita niya ang isang kulay itim na Burberry bag sa ilalim ng upuan. Dinala nito ang napulot na bag sa mga awtoridad sa airport at ng buksan ito para makilala o makita kung may identification card ang may-ari ng nakaiwan ay tumambad sa kanila ang iba’t ibang uri ng mga alahas at P600,000 cash. Nakilala ng mga awtoridad sa NAIA ang may-ari ng bag na si Francis Lloyd Chua Ty, pasahero ng PAL flight PR 849 papuntang Cebu.</body>
<link>http://www.philstar.com/Article.aspx?articleId=845387&publicationSubCategoryId=92</link>
</article>
<article>
<title>Singil ng Meralco bababa</title>
<author>Ni Danilo Garcia</author>
<date>
<month>September</month>
<day>05</day>
<year>2012</year>
</date>
<body>MANILA, Philippines - Magkakaroon ng pagbaba sa singil sa kur&shy;yente ngayong Setyembre sa mga kustomer ng Manila Electric Company (Meralco) dahil sa pagbabalik na sa normal ng Malampaya gas plant sa Palawan na pinagkukunan nila ng suplay. Sinabi ni Joe Zaldarriaga, tagapagsalita ng Meralco, na panguna&shy;h&shy;ing makakaapekto sa pagbaba ng electric bills ang pagbabalik sa normal na operasyon ng Malampaya gas plant sa Palawan na nakumpleto ang pagkukumpuni nitong Hulyo. Sumabay pa dito ang pagbaba ng isinusuplay ng Ilijan natural gas plant. Dahil sa mga ito, napuwersa ang mga planta ng 1,000-MW Sta. Rita at 500-MW San Lorenzo natural gas plants ng mas mahal na sangkap sa kuryente upang matiyak ang tuluy-tuloy na suplay ng kuryente ng Meralco. &nbsp; Bukod pa sa pagba&shy;balik sa normal ng Ma&shy;lampaya, inaasahan rin na bababa na ang demand sa kuryente ngayong pagpasok ng Setyembre dahil sa mas malamig na panahon. Samantala, hindi pa tiyak ng Meralco kung magkano at kailan ipapatupad ang refund sa singil sa kuryente. &nbsp; Kailangan pang dumaan sa pagdinig ng Enery Regulatory Commission (ERC) kung ano ang pinal na halagang maire-refund dahil sa sobrang singil ng Power Sector Assets and Liabilities Management corporation (PSALM) na tinataya nilang aabot sa P9.1 bilyon.</body>
<link>http://www.philstar.com/Article.aspx?articleId=845385&publicationSubCategoryId=92</link>
</article>
<article>
<title>DENR chief pinapapalitan</title>
<author>Ni Butch Quejada</author>
<date>
<month>September</month>
<day>05</day>
<year>2012</year>
</date>
<body>MANILA, Philippines - Dapat na umanong humanap si Pangulong Aquino ng isang malinis at matuwid na opisyal na mamumuno sa Department of Environment and Natural Resources (DENR) na siyang tunay na mangangalaga sa ating kalikasan. Ayon kay Fr. Pete Mon&shy;tallana, chairman ng Save Sierra Madre Network Alliance, masyado nang talamak ang kasinungalingan sa DENR na humahantong pa sa pagtatanggol ng mga opisyal nito sa mga indibidwal at kompanyang sumisira sa kalikasan ng bansa. Wala anyang problema ang Executive Order 23 na nag-uutos na magkaroon ng moratorium sa pamumutol ng mga punongkahoy sa kabundukan kung kumikilos lang ang DENR sa pagsupo sa illegal logging. Nagsumbong na rin umano sila kay DENR Sec. Ramon Paje ukol sa katiwalian ng ilan niyang tauhan sa mga lalawigan pero patuloy lang na nagtata&shy;ingang-kawali ang kalihim. Gaya ng nakaraang taon, dalawang truck ng fresh-cut lumber mula sa Ifma (Integrated Forest Management Agreement)-holder Integrated Development Corp. ang nasabat ng Casiguran, Aurora police sa pakikipagtulungan ng LGU officials, mga pari at mamayan dito pero imbes na sila’y suportahan, ipi&shy;nagtanggol pa umano ng DENR office dito ang na&shy;sabing kompanya.</body>
<link>http://www.philstar.com/Article.aspx?articleId=845384&publicationSubCategoryId=92</link>
</article>
<article>
<title>Pagkuha ng respeto ng mga justices, hamon kay Sereno</title>
<author>Ni Malou Escudero</author>
<date>
<month>September</month>
<day>05</day>
<year>2012</year>
</date>
<body>MANILA, Philippines - Isang malaking hamon umano kay bagong Chief Justice Maria Lourdes Sereno ang makuha ang respeto ng lahat ng associate justice ng Supreme Court. Ito ang sinabi kahapon ni Senator Panfilo “Ping” Lacson matapos mapaulat na inisnab ng pitong justices ang unang flag-raising ceremony na pinangunahan ni Sereno noong Lunes. Ayon kay Lacson, ang respeto ay hindi maaaring hingiin o i-demand. Hindi rin aniya katiyakan ng mga nasa matataas na posisyon na rerespe&shy;tuhin na agad sila ng lahat. “Siyempre sa civilian sector like SC, primus inter pares yan eh, first among equals. At saka maski CJ ka iisang boto ka rin. Ang mahirap sa CJ maraming functions, adjudicatory, may managerial and may administrative. So kailangan titimbangin mo lahat yan at kailangan may talent ka to delegate. Kung di ka marunong mag-delegate mahirapan ka, you cannot really hack ang job mo kasi napakahirap talaga maging CJ,” ani Lacson. Sinabi naman ni Senator Edgardo Angara na hindi na dapat patagalin ni Sereno ang nangyaya&shy;ring isnaban sa loob ng SC.</body>
<link>http://www.philstar.com/Article.aspx?articleId=845383&publicationSubCategoryId=92</link>
</article>
<article>
<title>FOI 'di isusuko</title>
<author>Ni Gemma Garcia</author>
<date>
<month>September</month>
<day>05</day>
<year>2012</year>
</date>
<body>MANILA, Philippines - Hindi pa rin susuko ang pangunahing may-akda ng Freedom of Information (FOI) bill sa kabila ng pagbasura ng liderato ng Kamara sa nasabing panukalang batas. Ayon kay Deputy Speaker Erin Ta&ntilde;ada, hindi niya isusuko ang kanyang “pet bill” at adbokasiya ngayong 15th Congress dahil mayroong 117 kongresista na solidong sumusuporta dito. Sinisisi rin ng mambabatas si Eastern Samar Rep. Ben Evardone, chairman ng Public Information Committee dahil sa pagbinbin nito sa kanyang komite ng nasabing panukalang batas. Giit ni Tanada, kung nagpapatawag sana ng hearing si Evardone ay maisusulong na sa plenary ang panukala at ma&shy;papag-usapan ang mga isyung sinasabi ni Majority leader Neptali Gonzales tulad ng posibleng pag-abuso ng media sakaling maipasa ang nasabing panukala. Paliwanag pa ng kongresista, sila ay mga mam&shy; babatas at hindi mamamahayag subalit ang mga safeguard provisions ay nai-draft na para sa&nbsp; konsiderasyon ng lahat. Ang reaksyon ni Ta&ntilde;ada ay bunsod sa pahayag ni Gonzales na malabo ng maipasa ngayong 15th Congress ang FOI bill bunsod na rin sa pa&shy;ngambang magagamit ito ng mga nagpapanggap na media upang makapangotong sa mga tiwa&shy;ling politiko at wasakin ang mga kredibilidad ng mga ito.</body>
<link>http://www.philstar.com/Article.aspx?articleId=845382&publicationSubCategoryId=92</link>
</article>
<article>
<title>14 senador boboto pabor sa RH Bill</title>
<author>Ni Malou Escudero at Butch Quejada</author>
<date>
<month>September</month>
<day>05</day>
<year>2012</year>
</date>
<body>MANILA, Philippines - Kumpiyansa si Senator Panfilo “Ping” Lacson na 14 senador ang susuporta sa kontrobersiyal na Reproductive Health (RH) Bill. Isa si Lacson sa na&shy;&shy; niniwala na kaila&shy;ngang maipasa ang RH Bill dahil masyado na umanong mataas ang maternal at infant mortality rate sa bansa. Sa ngayon umano ay dalawa lang naman ang lantarang kontra sa pagpasa ng RH Bill at ito ay sina Senate President Juan Ponce Enrile at Senate Majority Leader Vicente Sotto. Naniniwala ang senador na sa sandaling makita ng mga kasamahan niya na mas marami ang boboto sa pagpasa ng panukala ay tiyak na sasama na rin ang mga ito. Kabilang din sa mga nagsusulong ng panukalang batas sa Senado sina Sens. Miriam Defensor-Santiago at Pia Ca&shy;yetano. Samantala, sinabi ni House senior deputy majority leader Janette Garin na gusto ng mga kongresistang pabor sa RH bill na limitahan ito sa poorest of the poor na natukoy sa ilalim ng National Household Targe&shy;ting System for Poverty Reduction program. Sa ganitong paraan aabot sa 5.2 hanggang 5.7 milyong pamilya ang matutulungan ng programa. Hindi rin umano ma&shy; giging sapilitan ang pagpapagamit ng contraceptives at tanging ang mga mag-asawa na nais gumamit nito ang bibigyan ng contraceptives ng Department of Health, mga lokal na pamahalaan at distribution centers. Ayon kay Garin, ma&shy;aprubahan na sa ikatlo at huling pagbasa ang panukala bago matapos ang taon.&nbsp;</body>
<link>http://www.philstar.com/Article.aspx?articleId=845381&publicationSubCategoryId=92</link>
</article>
<article>
<title>Mataas na sin taxes sa sigarilyo. Sagot sa health concern ng PHL</title>
<author>Ni Rudy Andal</author>
<date>
<month>September</month>
<day>04</day>
<year>2012</year>
</date>
<body>MANILA, Philippines – Naniniwala ang Palasyo na ang mataas na sin taxes sa sigarilyo ang magiging sagot sa health concerns ng bansa lalo sa mga smokers, ayon kay Presidential Spokesman Edwin Lacierda. Sinabi ni Sec. Lacierda, magkaiba sila ng opinion ni Senate President Juan Ponce Enrile ukol sa sin taxes na nasa Senado. “Obviously we have a difference of opinion, we believe that the sin tax would help in the promotion of health,” wika pa ni Lacierda. Suportado ng Department of Health (DOH) ang pagpasa ng mas mataas na sin taxes.</body>
<link>http://www.philstar.com/Article.aspx?articleId=844994&publicationSubCategoryId=92</link>
</article>
<article>
<title>Sa pagiging hukom sa Bicol. Biyuda ni Robredo nasa shortlist</title>
<author>Ni Ludy Bermudo</author>
<date>
<month>September</month>
<day>04</day>
<year>2012</year>
</date>
<body>MANILA, Philippines – Napasama sa shortlist ng mga pagpipilian upang maging hukom sa Bicol ang biyuda&nbsp;ni dating Interior and Local Government&nbsp;Secretary Jesse Robredo na si Atty. Leni Robredo. Ayon kay JBC Member Atty. Jose Mejia, ang pagkakasali sa shortlist&nbsp;kay Atty. Robredo ay pinagpasyahan ng JBC sa pagpupulong nila kahapon. Si Gng. Robredo ay ‘shortlisted’ para sa posisyon ng pagka-trial judge sa tatlong lower court sa Bicol kabilang na ang Calabanga RTC, Pili RTC sa Camarines Sur at Ligao RTC sa Albay.</body>
<link>http://www.philstar.com/Article.aspx?articleId=844993&publicationSubCategoryId=92</link>
</article>
<article>
<title>Suspension ni Paulate pinigil ng CA</title>
<author>Ni Ludy Bermudo</author>
<date>
<month>September</month>
<day>04</day>
<year>2012</year>
</date>
<body>MANILA, Philippines – Pinigil ng Court of Appeals (CA) ang office of the Ombudsman at Department of Interior and Local Government (DILG) sa pagpapatupad ng kautusan na may petsang Mayo 18, 2012 na nagpapataw ng anim na buwang suspensyon kay QC Councilor Roderick Paulate. Sa limang pahinang desisyon ng Special Ninth Division ng CA, kinatigan nito ang petition for temporary restraining order na inihain ni Paulate, at ng isa pang konsehal na si Francisco Calalay at liason officer na si Vicente Bajamunde. Nagpasiya ang CA&nbsp;na maiwasan&nbsp;ang anumang&nbsp;‘irreparable injury’ na maaring danasin ng mga petitioner.</body>
<link>http://www.philstar.com/Article.aspx?articleId=844992&publicationSubCategoryId=92</link>
</article>
<article>
<title>27th WYD, gaganapin sa Brazil</title>
<author>Ni Ludy Bermudo</author>
<date>
<month>September</month>
<day>04</day>
<year>2012</year>
</date>
<body>MANILA, Philippines – Nanawagan ang Catholic Bishops’ Conference of the Philippines (CBCP) sa mga pilgrim group na&nbsp;pormal na ang&nbsp;pagsisimula ng&nbsp;pagpa&shy;patala sa mga&nbsp;interesadong lumahok sa ika-27th World Youth Day (WYD) na gaganapin sa Rio de Janeiro, Brazil sa Hulyo 23 hanggang 28. Ayon sa CBCP, maaaring iproseso online ang pagpapatala ng mga pilgrims sa http://www.rio2013.com, na siyang official website ng WYD 2013. Nabatid na hiwalay ang registration ng mga pilgrims para sa mga Obispo at mga journa&shy;lists na nais na dumalo sa pagtitipon. Nilinaw naman ng CBCP na ang mga Pinoy na nais sumama sa official delegation ng Pilipinas sa WYD, sa ilalim ng pangangasiwa ng CBCP-Episcopal Commission on Youth (ECY), ay hindi na kailangang magparehistro sa kanilang sarili. Ayon sa CBCP, ang ECY na mismo sa pamamagitan ng National Secretariat for Youth Apostolate, ang siyang mag-aasikaso sa registration ng mga pilgrims na nais dumalo sa pagdiriwang kasama ang ECY-Philippines de&shy;legation.</body>
<link>http://www.philstar.com/Article.aspx?articleId=844991&publicationSubCategoryId=92</link>
</article>
<article>
<title>PNP Task Force Robredo pinarangalan</title>
<author>Ni Joy Cantos</author>
<date>
<month>September</month>
<day>04</day>
<year>2012</year>
</date>
<body>MANILA, Philippines – Pinarangalan kahapon ng Philippine National Police (PNP) ang mga ‘ba&shy;yaning’ pulis na gumanap ng mahalagang papel sa search and rescue operations sa yumaong si dating Interior and Local Government Secretary Jesse Robredo na nasawi sa bumagsak na eroplano sa karagatan ng Masbate City noong Agosto 18. Ang parangal ay iginawad ni PNP Chief Director General Nicanor Bartolome&nbsp;sa mga opisyal at personnel na bumubuo sa PNP Task Force Robredo matapos ang ginanap na flag raising sa Camp Crame. Kabilang sa mga ginawaran ng Medalya ng Katangitanging Gawa ay sina Sr. Supt. Heriberto Olitoquit, Provincial Police Office Director ng Masbate; Supt. Gonzalo Villamor Jr., pinuno ng Task Force Robredo at ang isa sa mga divers na si PO2 Ronnel Prac.</body>
<link>http://www.philstar.com/Article.aspx?articleId=844990&publicationSubCategoryId=92</link>
</article>
<article>
<title>PNP walang 'crash survival training'</title>
<author>Ni Joy Cantos</author>
<date>
<month>September</month>
<day>04</day>
<year>2012</year>
</date>
<body>MANILA, Philippines – Inamin kahapon ni Philippine National Police (PNP) Chief Director General Nicanor Bartolome na walang ‘crash survival training’ o sa pagbagsak ng mga eroplano ang mga pulis na nagsisilbing aide&nbsp;de camp sa mga VIP’s partikular na sa mga gabinete ng gobyerno. Ginawa ni Bartolome ang pahayag sa gitna ng&nbsp;patuloy na kaliwa’t kanang paninisi ng mga kritiko sa aide de camp ng yumaong si Interior and Local Government Secretary Jesse Robredo na si Sr. Inspector June Paulo Abrazado na nabigo nitong mailigtas ang kalihim. Sa kasalukuyan ay sinasabing dumaranas pa ng matinding depresyon ang tanging survivor na si Abrazado. “May training tayo sa VIP security pero mga saving the life kung sakaling may bullet, puwede mong sanggain kung ikaw ang security pero wala tayong ginagawang training kapag nagkaroon ng plane crash”, ayon kay Bartolome. Idinagdag pa nito na naiibang insidente ang sitwasyon ng aksidenteng pagbagsak ng eroplanong sinasakyan ni Robredo.</body>
<link>http://www.philstar.com/Article.aspx?articleId=844988&publicationSubCategoryId=92</link>
</article>
<article>
<title>DOTC, inihabilin na ni Roxas kay Abaya</title>
<author>Ni Danilo Garcia</author>
<date>
<month>September</month>
<day>04</day>
<year>2012</year>
</date>
<body>MANILA, Philippines – Inihabilin na ni incoming Department of Interior and Local Government (DILG) Secretary Mar Roxas ang dati niyang hawak na Department of Transportation and Communications (DOTC) kay Cavite Rep. Joseh Emilio Abaya makaraang siya pa ang magsama dito at ihabilin ang mga nakaumang na programa at proyekto. Sa kanyang huling “flag ceremony” kahapon ng umaga sa DOTC, sinabi ni Roxas na tiwala siya na magagampanan ng maa&shy;yos ni Abaya ang mga iiwan niyang trabaho sa ahensya. Kabilang dito ang naum&shy;pisahan nang pagpapababa ng trahedya sa transportasyon na siyang iiwan umano niyang “legacy” sa DOTC. Nangako naman si Abaya na gagawin ang lahat para mapantayan ang mga nagawa ni Roxas sa ahensya at itutuloy ang mga nabinbing proyekto nito.&nbsp; Opisyal na uupo si Abaya bilang kalihim ng DOTC sa pagtatapos pa ang deliberasyon ng 2013 Budget sa Kongreso na may 4-6 linggo pa. Ito’y dahil si Abaya ang chairman ng Committee of Appropriation ng Kamara.</body>
<link>http://www.philstar.com/Article.aspx?articleId=844987&publicationSubCategoryId=92</link>
</article>
<article>
<title>Refund sa Meralco tiniyak ng ERC</title>
<author>Ni Danilo Garcia</author>
<date>
<month>September</month>
<day>04</day>
<year>2012</year>
</date>
<body>MANILA, Philippines – Tiniyak ng Energy Regulatory Commission (ERC) na magkakaroon na ng “refund” ang mga kustomer ng&nbsp;Manila Electric Company (Meralco) kaugnay ng nadobleng pagsingil sa konsumong kuryente. Sinabi ni ERC Executive Director Attorney Francis Juan na aalamin pa ng komisyon kung tama ang kuwenta ng Meralco na P9.1 bilyon ang kailangang i-refund sa kanila ng Power Sector Assets and Liabilities Management Corporation (PSALM) para maibalik naman sa mga customer ng Meralco. Sinabi nito na napatunayan na nagkaroon ng “double recovery” sa pagsingil ng PSALM ng karagdagang line losses rental na nakapaloob na sa presyo ng kuryente nito na aprubado ng komisyon. Una na ring natuklasan ang “double charging sa transmission line costs” mula nang mag-umpisa ng operasyon ang WESM (Wholesale Electricity Spot Market) Luzon noong Hunyo 26, 2006. Una aniyang ipinaalam ng Meralco sa ERC ang sobrang nasingil ng PSALM noon pang 2008 pero natagalan ang pagdedesisyon ng ERC dahil dumaan pa ito sa maraming pagdinig makaraang komontra ang PSALM.</body>
<link>http://www.philstar.com/Article.aspx?articleId=844985&publicationSubCategoryId=92</link>
</article>
<article>
<title>Roll back sa presyo ng langis ipinatupad</title>
<author>Ni Danilo Garcia</author>
<date>
<month>September</month>
<day>04</day>
<year>2012</year>
</date>
<body>MANILA, Philippines – Nagpatupad ng rollback sa ilan nilang produktong petrolyo ang mga kumpanya ng langis sa bansa matapos na bumaba ang presyo ng krudo sa internasyunal na merkado. Dakong alas-12:01 kaninang madaling araw nang magpatupad ng bawas presyo ang Pe&shy;tron Corporation, Seaoil, Unioil at Total Philippines. Nasa P.90 kada litro sa premium at unleaded gasoline at P.20 sentimos kada litro sa regular gasoline ang kinaltas ng Petron, Seaoil at Total habang P1 kada litro sa premium at unleaded gasoline naman ang itinapyas ng Unioil. Wala namang pagbaba sa presyo ng diesel na gamit ng mga pampublikong sasakyan at kerosene na gamit naman ng mga ina ng tahanan, na ipinatupad ang mga kumpanya ng langis.</body>
<link>http://www.philstar.com/Article.aspx?articleId=844983&publicationSubCategoryId=92</link>
</article>
<article>
<title>Comelec, aaksyon na sa Imus 'poll protest'</title>
<author>Ni Butch Quejada</author>
<date>
<month>September</month>
<day>04</day>
<year>2012</year>
</date>
<body>MANILA, Philippines – Tiniyak ni Commission on Elections (COMELEC) Chairman&nbsp;Sixto Brillantes sa mga residente ng Imus City, Cavite na “tutuldukan” na nito ang kontrobersiyal na isyu ng nanalong mayor sa siyudad bago matapos ang buwan. Ang pahayag ni Brillantes ay kasunod nang “pagsugod” kahapon ng higit 2,000 residente ng Imus City sa Comelec main office sa Maynila upang iparating ang kanilang pagkadismaya sa umano’y patuloy na pagbalewala ng poll body sa petisyon ni Mayor Homer Saquilayan na pinal nang desisyunan ang naturang isyu. Matatandaan na Agosto 15 pa naglabas ng ‘unanimous decision’ ang Comelec First Division kung saan kinumpirma nito ang panalo ni Saquilayan sa lamang na 8,429 boto laban kay Emmanuel Maliksi. Inatasan din nito ang Comelec legal office na imbestigahan ang mga umano’y pandaraya matapos ang halalan. Agad naghain ng ‘motion for the issuance of writ of execution’ si Sa&shy;quilayan upang tahimik at maayos siyang makabalik sa puwesto, subalit bigo pa rin umanong aksyunan ng poll body. Patuloy namang nakaupo si Maliksi bilang alkalde matapos paboran ni Judge Cesar Mangrobang ng Imus Regional Trial Court ang kanyang reklamo kung saan inalis din si Sa&shy;quilayan bilang mayor mahigit walong buwan na ang nakaraan. Sa panayam, ipinunto ni Saquilayan na batay na rin sa regulasyon ng Comelec, mayroon lamang itong walong araw para sagutin ang kanyang mosyon. “Pero hanggang ngayon wala pa rin kaya ang mga tao sa Imus ay naiinip nang masyado,” anang alkalde. Aniya pa, ang kanilang pagkilos kahapon ay bilang paggunita na rin sa ika-116 anibersaryo ng ‘Battle of Imus’ na sagupaan ng mga rebolusyunaryong Pilipino sa Cavite at mga sundalo ng kolonyalistang Espa&ntilde;a. “Kung dati ay nakipaglaban&nbsp;kami para sa ating pambansang kasarinlan, ngayon naman ay nakikipaglaban kami rito sa Comelec para maipatupad ang ‘matuwid na daan’ sa a&shy;ting mga halalan,” dag&shy;dag pa nito. Napakalma naman ni Brillantes ang mga nag-raling residente sa kanyang ibinigay na pa&shy;ngako. Anila, nauunawaan naman nila si Brillantes at batid din umano nila na matindi ang ‘pressure’ sa Comelec chief gayunman, naniniwala silang reresolbahin na nito ang usapin pabor sa katotohanan at matuwid na daan. Una nang ibinunyag ni Cavite Rep. Jesus Crispin ‘Boying’ Remulla, kapartido ni Saquil&shy;a&shy;yan, na ilang matataas umanong opisyal sa gob&shy;yerno ang “dumidiin” sa Comelec pabor kay Maliksi. Si Maliksi ay miyembro ng Liberal Party (LP) at malapit na kaalyado sa pulitika ni Pang. Benigno ‘Noynoy’ Aquino.</body>
<link>http://www.philstar.com/Article.aspx?articleId=844981&publicationSubCategoryId=92</link>
</article>
<article>
<title>'Di na mapagtitibay' - solon; FOI bill swak na sa basura</title>
<author>Ni Gemma Garcia</author>
<date>
<month>September</month>
<day>04</day>
<year>2012</year>
</date>
<body>MANILA, Philippines – Swak na sa basurahan ang Freedom of Information (FOI) bill makaraang aminin ng liderato ng Kamara na wala ng pag-asa pang mapagtibay ito sa 15th Congress. Ayon kay House Majority Leader Neptali Gonzales II, maraming mambabatas ang ayaw na pagtibayin ang panukalang batas dahil gina&shy;gamit na rin ito ng mga ‘hao-siao’ o hindi mga lehitimong mamamahayag para sirain ang mga pulitiko. Nangangamba umano ang mga mam&shy;babatas at maging ng mga pulitiko na maga&shy;gamit itong armas ng mga nagpapanggap na media upang wasakin ang kredibilidad o kaya ay mangotong sa mga umanoy tiwaling pulitiko. Iginiit pa ni Gonzales, hindi absolute ang Freedom of the Press at dapat pa rin itong iregulate upang masiguro na hindi maaabuso. Ang FOI bill ay halos dalawang taon nang nakabinbin sa House Committee on Information at hindi pa makabuo ng final report upang maiakyat sa plenary dahil ikokonsulta umano ito sa lahat ng mga miyembro ng nasabing committee.</body>
<link>http://www.philstar.com/Article.aspx?articleId=844980&publicationSubCategoryId=92</link>
</article>
<article>
<title>Walang dapat ipangamba sa El Ni&ntilde;o - NIA</title>
<author>Ni Butch Quejada</author>
<date>
<month>September</month>
<day>03</day>
<year>2012</year>
</date>
<body>&nbsp;Manila, Philippines - Iginiit kahapon ng National Irrigation Administration (NIA) na walang dapat ipangamba sa tagtuyot dahil may sapat na water supply ang buong bansa kahit pa dumating ang El Ni&ntilde;o phenomenon. Ayon kay NIA Admi&shy;nistrator Antonio Nangel, patuloy nilang minomonitor lahat ng irigasyon sa bansa at kumpiyansa sila na hindi maapektuhan ang mga magsasaka sa El Ni&ntilde;o na inaasahang papasok sa last quarter ngayong taon. Ayon sa ulat ng PAGASA, posible umanong dumating ang El Ni&ntilde;o nga&shy;yong last quarter ng 2012. “Mas natatakot kami kapag tag-ulan dahil ito ang malakas makasira ng ating irigasyon. Pero ngayong tagtuyot meron tayong sapat na supply,” pahayag ni Nangel. Ani Nangel, patuloy din ang pagsasaayos ng lahat ng mga nasirang irigasyon nitong panahon ng kalamidad bilang pagha&shy;handa na rin sa posibleng pagdating ng tagtuyot. Samantala, hindi na&shy;man inaprubahan ni Exe&shy;cutive Secretary Paquito Ochoa Jr. ang P690 mil&shy;yong pondo para sa pagpapagawa ng NIA sa mga nasirang irigasyon noon pang panahon ng bagyong Sendong. Pero nangako naman daw umano si Budget Secretary Butch Abad na gagawa ito ng paraan para mabigyan ng pondo ang NIA para tuluyan ng maisaayos ang mga nasirang irigasyon.&nbsp;</body>
<link>http://www.philstar.com/Article.aspx?articleId=844626&publicationSubCategoryId=92</link>
</article>
<article>
<title>Pulis-QC inakusahan ng landgrabbing</title>
<author></author>
<date>
<month>September</month>
<day>03</day>
<year>2012</year>
</date>
<body>&nbsp;Manila, Philippines - Hindi pa man nag-iinit sa bagong tungkuling nakaatang, mistulang isang hamon agad para kay Interior and Local Government Secretary Mar Roxas ang pag-aksyon laban sa reklamo sa isang pulis Quezon City na sinasabing sangkot sa landgrabbing at lider ng sindikato ng professional squatters. Base sa ulat ng University of the Philippines-Diliman police, isang nag&shy;ngangalang SPO2 Jeofrey Butawan na nakatalaga sa QCPD Station 9 ang sinasabing namuno sa pagsugod sa security office ng UP-Diliman, kasama ang iba pa niyang kapwa pulis noong Miyerkules. Maituturing na ilegal na pag-okupa ang pag&shy;lalagay ng bakod sa loteng sakop ng UP-Diliman campus kung saan may mga barung-barong at ins&shy;trakturang itinayo&nbsp; na sinasabing pinamumunuan ni SPO2 Butawan. Sa pagsisiyasat ng private security personnel, nagawa nilang malitratuhan ang mga illegal structure at nakapanayam ang ilang indibidwal upang alamin kung sino ang nasa likod ng nasabing ilegal na gawain. Subalit tikom ang bibig at tumangging magbigay ng pangalan ang mga taong nakausap kung saan habang papaalis na ang mga guwardiya ay bigla silang niratrat ng mga di-kilalang kalalakihan. Nabatid din na hindi pa man sila nagtatagal matapos makabalik sa kanilang opisina ay pinalibutan sila ng anim na mobile ng QCPD Station 9 kabilang si SPO2 Butawan kung kaya nagkatensyon sa lugar. Napahupa lamang ang sitwasyon nang dumating si UP Professor Edgardo Dagdag kung saan kinuwestyon nito ang ginawa ng mga QCPD Station 9 men sa security office. Kaya naman nanawagan ngayon ang pamunuan ng UP-Diliman kay DILG Sec. Roxas na siyasatin ang pangyayari kasabay na rin nang paghahanda sa pagsampa nila ng kaukulang kasong kriminal at administratibo laban kay Butawan at mga kasamahan nito.</body>
<link>http://www.philstar.com/Article.aspx?articleId=844625&publicationSubCategoryId=92</link>
</article>
<article>
<title>Salamat Sec. Jesse - Recom</title>
<author>Ni Butch Quejada</author>
<date>
<month>September</month>
<day>03</day>
<year>2012</year>
</date>
<body>&nbsp;Manila, Philippines - Nagpasalamat si Caloocan City Mayor Enrico “Recom” Echiverri sa yumaong Department of the Interior and Local Government (DILG) Secretary Jesse Robredo dahil sa pagbibigay nito sa lungsod ng seal of good housekeeping. Ayon kay Echiverri, ang pagbibigay ni Robredo ng naturang pagkilala ay mananati&shy;ling sariwa sa kaisipan ng mga residente at sa pamamagitan din nito ay higit pang paghuhusayin ng alkalde ang kanyang pamamalakad at pagpapaunlad sa kanyang pinamumunuang lungsod. Sinabi pa ng alkalde na pananatilihin nito ang pagbibigay ng magandang serbisyo sa kanyang mga kababayan dahil isa itong paraan para kilalanin ang mga nagawang kabutihan ni Robredo sa taumbayan. Tiniyak din ni Echiverri na hindi malilimutan ng mga taga-Caloocan ang mga kabutihan ni Robredo higit lalo na ang mga nagawa nitong kabutihan noong ito ay naninilbihan pang alkalde ng Naga City hanggang sa maging kalihim ito ng DILG. “Mananatili sa alaala ng mga taga-Caloocan ang mga kabutihan ni Secretary Robredo at ang ibinigay niyang pagkilala sa aming lungsod ay gagawin naming sandata upang higit pang pagbutihin ang pagbibigay ng serbisyo publiko”, sabi pa ng alkalde. Matatandaan na noong isang taon nang pagkalooban ni Robredo ng seal of good housekeeping ang Caloocan City bilang isa sa apat na lungsod sa National Capital Region (NCR) na may maayos na pamamalakad. Dahil sa pagkaka&shy;tang&shy;gap na ito ng pagkilala ng lungsod ay nakakuha din ang Caloocan City ng tulong pinansiyal sa DILG mula sa Local Government Support Fund (LGSF) na ginamit nito sa mga proyekto ng Millennium Development Goal (MDG) at Philippine Disaster Risk Reduction and Management Act of 2010 ng national government. Kabilang sa mga proyektong pinaglaanan ng LGSF ay ang pagbili ng mga bagong medical equipment na ginagamit sa President Diosdado Macapagal Memorial Medical Center (PDMMMC), pagpapatayo ng dalawang palapag na lying-in center, pagsasaayos ng mga sapa at ang pagdagdag ng mga emergency response equipment. Bukod sa Caloocan ay kasama rin sa binigyan ni Robredo ng “seal of good housekeeping” sa NCR noong 2011 ang Makati City, Marikina City at Navotas City.</body>
<link>http://www.philstar.com/Article.aspx?articleId=844624&publicationSubCategoryId=92</link>
</article>
<article>
<title>Chinese New Year sa 2013 hindi na kailangang ideklarang holiday - Palasyo</title>
<author>Ni Rudy Andal</author>
<date>
<month>September</month>
<day>03</day>
<year>2012</year>
</date>
<body>&nbsp;Manila, Philippines - Hindi na kailangang ideklarang holiday or non-working holiday ang pagdiriwang ng Chinese New year sa 2013 dahil ito ay pumatak sa araw ng Linggo, ayon kay Deputy Presidential Spokesperson Abigail Valte. Ayon kay Usec. Valte, wala naman talagang pasok sa mga kumpanya sa araw ng Linggo kaya hindi na kailangang ideklarang holiday ang Chinese New Year na tumama sa araw ng Linggo. “For 2013, the Chinese New Year will fall on a Sunday, hindi na niya kailangan ng proclamation,” wika pa ni Valte sa Radyo ng Bayan.&nbsp;</body>
<link>http://www.philstar.com/Article.aspx?articleId=844623&publicationSubCategoryId=92</link>
</article>
<article>
<title>Pag-upo ni Roxas sa DILG walang epekto sa UNA - Enrile</title>
<author>Ni Rudy Andal</author>
<date>
<month>September</month>
<day>03</day>
<year>2012</year>
</date>
<body>&nbsp;Manila, Philippines - Minaliit ng United Nationalist Alliance (UNA) ang sinasabing pagpapalakas ng puwersa ng ruling Liberal Party para sa 2013 at 2016 elections. Ayon kay Senate President Juan Ponce Enrile, wala umanong “significant advantage” sa kasalukuyang administrasyon ang pagkakatalaga kay Sec. Mar Roxas sa Department of Interior and Local Government (DILG). Wika pa ni Sen. Enrile, maaring makakuha ng suporta si Roxas mula sa local level kung magiging maganda ang performance nito sa bagong katungkulan, subalit hindi umano madidiktahan kung ano at kung sino ang gusto ng taongbayan. “Hindi naman hawak sa ilong ng anumang administrasyon ang ba&shy;yan. Ang bayan ang nag&shy;huhusga sa eleksyon. Lalo na ngayon, automated election na. You cannot dictate on the electorate. Hindi naman mang-mang ang mga voters natin eh,” wika pa ng pangulo ng Senado. Sinabi pa ng mambabatas na inaasahan na umano nila ang nasabing hakbang ng administras&shy;yon at hindi rin umano nila ito ikinababahala. Ang UNA ay koalisyong binuo ng Pwersa ng Masang Pilipino (PMP) ni dating Pangulong Joseph Estrada at PDP-Laban ni Vice President Jejomar Binay na siyang mahigpit na katunggali ni Roxas sa nakaraang 2010 elections. Una na ring sinabi ng Pangulong Benigno Aquino III na walang kinalaman sa politika ang appointment ni Ro&shy;xas na sinasabing tatakbo sa pagka-presidente sa 2016. Ayon sa Pangulo, tinitiyak nitong mangi&shy;ngibabaw ang interes ng bansa imbes na interes ng partido.&nbsp;</body>
<link>http://www.philstar.com/Article.aspx?articleId=844622&publicationSubCategoryId=92</link>
</article>
<article>
<title>Rep. Abaya handang maghintay sa pag-upo sa DOTC - Rep. Gonzales</title>
<author>Ni Butch Quejada</author>
<date>
<month>September</month>
<day>03</day>
<year>2012</year>
</date>
<body>&nbsp;Manila, Philippines - Nakahandang ipagpaliban ni Cavite Rep. Joseph Emilio Abaya ang pag-upo nito bilang bagong kalihim ng Department of Transportation and Communications (DOTC) hanggang maisalang sa third reading ang panukalang 2013 national budget. Sinabi ni House Majority Leader Neptali Gonzales na batay sa napag-usapan, patuloy pa rin umanong uupo bilang chairman ng House appropriations committee si Abaya. “Tinanong ko sa kaniya, ‘So, ano’ng balak mo?.. Ang nasabi niya sa akin he can delay naman his assumption into office. Kasi ang budget (deliberation) will start next week and then he can delay it up to the time na mag-third reading kami, which is about October 15,” ani Gonzales. Una ng tiniyak ng House leadership na hindi maapektuhan ang pagtalakay nila sa panukalang P2-trillion budget para sa susunod na taon. “Napakahirap naman na kung kailan idi-deliberate iyan sa plenary ay saka ka magpapalit ng chairman,” dagdag ng majority leader.</body>
<link>http://www.philstar.com/Article.aspx?articleId=844620&publicationSubCategoryId=92</link>
</article>
<article>
<title>Reporma ng SC suportado ng DBM</title>
<author>Ni Rudy Andal</author>
<date>
<month>September</month>
<day>03</day>
<year>2012</year>
</date>
<body>&nbsp;Manila, Philippines - Susuportahan ng Department of Budget and Management (CDM) ang isusulong na reporma ni Supreme Court Chief Justice Ma. Lourdes Sereno para sa transparency at accountability ng hudikatura sa pamamagitan ng digitization. Ayon kay DBM Sec. Florencio Abad, ibibigay ng DBM ang kakailanganing budgetary support ng SC para sa kanilang digitization initiatives para sa hudikatura. “We are more than willing to support the Supreme Court’s drive for increased transparency, accountability, and openness in their budgetary activities. Among many solutions, we’re proposing the digitization of the High Court’s internal processes to boost operational efficiency and allow little to no room for abuse or irregularities,” wika pa ni Abad. Kabilang sa nais ni CJ Sereno ay ang pagbuo ng online system kung saan ay makikita ang mga luma at updated na mga information sa hukdikatura kabilang ang mga desisyon ng mga hukuman. “This way, anyone can check the status of their cases online and monitor its progress from there, without having to make multiple visits or phone calls to a judge’s office. In addition, it will be quicker and easier to identify which cases are taking too long to resolve, so that the judicial system can pursue measures to hasten the resolution of long-standing cases,” wika pa ng DBM chief.</body>
<link>http://www.philstar.com/Article.aspx?articleId=844619&publicationSubCategoryId=92</link>
</article>
<article>
<title>P13-M ang inisyal na nasira ng 7.7 lindol - NDRRMC</title>
<author>Ni Ricky Tulipat</author>
<date>
<month>September</month>
<day>03</day>
<year>2012</year>
</date>
<body>&nbsp;Manila, Philippines - Tinatayang nasa ma&shy;higit P13 million ang naitalang inisyal na halaga ng pinsala ng magnitude 7.7 na lindol sa bahagi ng Eastern Visayas. Sa ulat ng National Disaster Risk Reduction and Management Council (NDRRMC), kabilang dito ang nasirang Layug Bridge na nag-uugnay ng Borongan at Taft sa bayan ng San Julian, Eastern Samar, kung saan tinata&shy;yang nasa P4 million ang cost of damage. Nagkaroon din umano ng bitak ang railings ng Sulat Bridge sa bahagi ng Wright-Taft-Borongan roads. Maliban sa mga tulay, nasira rin umano ang ilang pangunahing kalsada at pantalan sa ilang bayan sa Region 8. Iniutos naman agad ng Palasyo sa Department of Public Works and Highways (DPWH) na bilisan ang damage assessment at agad ayusin ang mga nasirang istruktura dahil sa lindol. Sinabi ni Deputy Presidential Spokesperson Abigail Valte, kumilos na ang quick response team ng DPWH sa rehiyon para ma-validate ang mga reports. Ayon kay Valte, wa&shy;lang dapat ikabahala dahil agad aaksyunan ito ng DPWH para balik sa normal ang daloy ng transportasyon sa mga nasirang daan at tulay. Nagpasalamat naman ang Malaca&ntilde;ang dahil hindi lumikha ng matin&shy;ding pinsala ang nasabing malakas na lindol.&nbsp;</body>
<link>http://www.philstar.com/Article.aspx?articleId=844618&publicationSubCategoryId=92</link>
</article>
<article>
<title>Grand Lotto, wala pang nanalo - PCSO</title>
<author></author>
<date>
<month>September</month>
<day>03</day>
<year>2012</year>
</date>
<body>&nbsp;Manila, Philippines - Hindi napanalunan kamakalawa ng gabi ang 6/55 Grand Lotto ng Philippine Charity Sweepstakes Office (PCSO), ayon kay General Manager Jose Ferdinand Rojas II. Ayon kay GM Rojas, walang pinalad na makuha ang kumbinasyong 22-03-36-17-15-45 na may jackpot prize na P182, 472, 091.20 kamakalawa ng gabi. Dahil dito, wika pa ni Rojas, inaasahang tataas pa ang naturang premyo sa susunod na draw ng 6/55 Grand Lotto draw. Ang regular draw dates para sa 6/55 Grand Lotto ay tuwing Lunes, Miyerkules at Sabado ng gabi.</body>
<link>http://www.philstar.com/Article.aspx?articleId=844617&publicationSubCategoryId=92</link>
</article>
<article>
<title>Debate sa RH bill baka sa Hunyo 2013 na ituloy - JPE</title>
<author>Ni Rudy Andal</author>
<date>
<month>September</month>
<day>03</day>
<year>2012</year>
</date>
<body>&nbsp;Manila, Philippines - Iginiit kahapon ni Senate President Juan Ponce Enrile na baka ituloy na lamang ang debate ukol sa kontrobersyal na Reproductive Heath (RH) bill sa susunod na Hunyo ng 2013. “You know,&nbsp;pinakamaselan at pinakadelikadong bill ngayon ang RH bill na pumasok sa buhay ng bansang ito. You will control the size of our population because the bill itself is a population control bill,” wika pa ni Sen. Enrile. Aniya, matapos ang tuno en contra ni Senate Majority Leader Vicente Sotto III ngayon ay sisimulan na ang period of amendments kapag sumang-ayon ang lahat ng senador. Wika pa ni Enrile, hindi na siya lalahok pa sa turno en contra pero maghahain siya ng amendments sa floor para pagdebatihan kung papayag o hindi ang buong miyembro ng Senado na alisin ang probisyon ukol sa paggamit ng essential medicines tulad ng condom, intrauterine device at iba pang contraceptives. Pero iginiit ni Enrile, ang pagpapatuloy ng deliberasyon ukol sa RH bill ay malamang masuspinde at ituloy na lamang sa Hunyo ng susunod na taon. “Considering congressional breaks and the upcoming election,&nbsp;baka pagbalik na namin sa Hunyo. But we will try, we are not meant to delay, we will try. We all have the right to present amendments, unless they want to vote us out to stop the amendments…Still we don’t have closure (of the period of amendments) in the Senate,” giit pa ni Enrile.&nbsp;</body>
<link>http://www.philstar.com/Article.aspx?articleId=844616&publicationSubCategoryId=92</link>
</article>
<article>
<title>Inilunsad ni Sen. Koko: Anti-daya sa halalan inilarga</title>
<author>Ni Butch Quejada</author>
<date>
<month>September</month>
<day>03</day>
<year>2012</year>
</date>
<body>&nbsp;Manila, Philippines - Inilunsad ni Sen. Koko Pimentel ang ‘Kontra Pandaraya Movement’ (KPM) para tapusin ang mga kalokohan at pandaraya sa gobyerno at private sector bilang proteksyon ng mamamayan. Sinabi ni Sen. Pimentel, marami ang naloloko at nadadaya na kalimitan ay hindi na lamang kumikibo kaya sa itatag niyang KPM tiyak magkakaroon ng malaking pagbabago ang mga mabibiktima nito. Wika pa ni Pimentel, na naging biktima ng pandaraya noong 2007 senatorial election, kaya hindi siya tumigil sa pag&shy;laban dito ay upang huwag nang maulit ang pandaraya. Sabi ni Pimentel sa kanyang itinatag na ‘kontra pandaraya movement’ tiyak marami siyang matutulungan lalo na ang mga mahihirap na malimit ay biktima ng mga panloloko na kadalasan ay walang masumbungan. “Sa aking mga pagbisita sa iba’t ibang parte ng bansa,&nbsp;ay nakita ko na marami sa ating mga kababayan ang walang&nbsp;mapagsumbu&shy;ngan kapag sila’y na-aagrabyado, kaya’t minabuti ko na&nbsp;ilunsad ang Kontra Pandaraya Movement upang makatulong sa kanila sa&nbsp;abot ng aking makakaya,” sabi ni Pimentel. Idinagdag pa ng mam&shy;babatas na bukod sa dayaan sa halalan ay pagtutuunan din nila ng pansin ang mga pandaraya sa educational at pension plans, pandaraya ng singil sa pamasahe, tubig, kuryente, overpricing sa mga pa&shy;ngunahing bilihin at iba pang uri ng mga maling palakad. Hihimukin ni Pimentel ang ibang abogado at mga organisasyon na sumali sa kanyang adhikain para tulungan at tapusin na ang pang&shy;aabuso. &nbsp; Ayon kay Pimentel dapat magkaisa para tulungan ang mga ina&shy;api at sumama ang mamamayan sa ‘Kontra Pandaraya Movement’ para labanan at sugpuin ang pandaraya at panloloko.</body>
<link>http://www.philstar.com/Article.aspx?articleId=844615&publicationSubCategoryId=92</link>
</article>
<article>
<title>Paghahanda sa 2013 polls kasado na</title>
<author>Ni Doris Borja</author>
<date>
<month>September</month>
<day>02</day>
<year>2012</year>
</date>
<body>MANILA, Philippines - Puspusan ngayon&nbsp;ang paghahanda ng Commission on Elections (Comelec) para sa nalalapit na 2013 mid-term elections kung saan minamadali na rin nila sa ngayon ang pagre-review sa mga party-list group at mga nominado ng mga ito upang mailabas na ang listahan sa Setyembre 30. Kasabay nito, iniha&shy;yag na ni Comelec Chairman Sixto Brillantes, Jr. na ang filing ng certificate of candidacy (COC) ay nakatakda mula Oktubre 1-5. Maliban sa mga halal na opisyal, ang mga taong nagtatrabaho sa pamahalaan ay ikinokonsiderang magbitiw sa serbisyo sa sanda&shy;ling maghain na sila ng COCs. Kabilang dito ang mga nasa appointed government positions, mga pulis, mga sundalo, mga guro at iba pang state workers. Mayroon naman umano silang tatlong buwan para tumanggap ng mga petition for disqualification na isasampa sa mga kandidato. Target nilang maipalabas ang pinal na listahan ng mga kuwalipikadong kandidato at party-list groups sa buwan ng Dis&shy;yembre.</body>
<link>http://www.philstar.com/Article.aspx?articleId=844390&publicationSubCategoryId=92</link>
</article>
<article>
<title>2 meat importers sinuspinde ng BoC</title>
<author>Ni Butch Quejada</author>
<date>
<month>September</month>
<day>02</day>
<year>2012</year>
</date>
<body>MANILA, Philippines - Sinuspinde ni Bureau of Customs (BoC) Commissioner Ruffy Biazon ang accreditation&nbsp;ng dalawang meat importers na lumabag umano sa mga requirement&nbsp;kaugnay sa paglalagay ng pasilidad tulad ng cold storage at warehouse na paglala&shy;gakan ng kanilang mga kalakal tulad ng&nbsp;karne. Sinuspinde ang accreditation ng Batoy Trading at Sacrecoure&nbsp;Commercial kung saan ang Batoy Trading ay isa sa&nbsp;nasa top 10 na nag-iimport ng fat, offal, balat at iba pang produktong karne&nbsp;sa Pilipinas. Napag-alaman ng BoC, na ang nabanggit na mga importer ay hindi nakapag-comply sa itinakdang requirement at lumabag umano sa pag&shy;lalagay ng&nbsp;cold storage at warehouse facilities. Ayon naman kay&nbsp; Ro&shy;sendo So, director ng Swine Development Council&nbsp;at chairman din ng Abono party-list group, nakatanggap ng report at reklamo&nbsp;ang kanilang grupo na ilang meat importers ay ginagawang front lamang&nbsp;ang kanilang sari-sari store at condominium units na address ng kanilang tanggapan. Sinabi pa ni Biazon,&nbsp;na 25 pang importers ng iba pang commodities ay sinuspinde nila ang accreditation. Ipinalagay na ni Bia&shy;zon sa blacklist ng BOC ang mga importer na&nbsp;sangkot sa smuggling. &nbsp;&nbsp;&nbsp;&nbsp; Pinuri naman ng ilang grupo ng hog growers ang naging aksiyon ni Biazon laban sa dalawang meat importers na lumabag sa batas at naging positibo ang kanilang pagtanggap sa naging hakbangin ng naturang ahensiya.</body>
<link>http://www.philstar.com/Article.aspx?articleId=844389&publicationSubCategoryId=92</link>
</article>
<article>
<title>Testimonya ng mga suspek ire-record na</title>
<author>Ni Gemma Garcia</author>
<date>
<month>September</month>
<day>02</day>
<year>2012</year>
</date>
<body>MANILA, Philippines - Gagawin ng electronically recorded ang pagkuha ng testimonya sa mga suspek upang maiwasan ang maling paghatol sa mga ito. Sa House bill no. 4341 ng mag-inang Pampanga Rep. Gloria Arroyo at Camarines Sur Rep. Datu Arroyo, layunin nito na maiwasan ang maling paghatol sa mga inosenteng indibidwal bunsod na rin ng paggamit ng ‘false confessions’ sa korte para maparusahan ang mga wala namang kasalanan. Inoobliga sa panukala na sa lahat ng interogasyon na gagawin sa mga hinihinalang suspek ay kailangan mai-record. Sa ilalim din ng HB&nbsp;4341 o mas kilala bilang “Preventing False Confessions Act of 2012” ay layong maiwasan ang paggamit ng mga peke o maling admisyon ng mga kasalanan sa korte. Sa ilalim ng panukala, ang ‘electronic recording’ ay nangangahulugan ng audio o visual recording na tunay, tama at hindi nagalaw o naiba ang custodial interrogation o pagtatanong na ginawa ng mga otoridad at kasagutan ng mga nasasakdal. Bukod dito, ang ca&shy;mera sa isang detention ay kailangang tuloy-tuloy na nakatuon pareho sa interrogator at sa iniim&shy;bestigahang suspek. Ang Philippine National Police (PNP) ang magbabantay at magtitiyak na ang mga electronic recording requirements ay nasusunod ng mga interrogating officer.</body>
<link>http://www.philstar.com/Article.aspx?articleId=844388&publicationSubCategoryId=92</link>
</article>
<article>
<title>Holidays sa 2013 dineklara</title>
<author>Ni Malou Escudero</author>
<date>
<month>September</month>
<day>02</day>
<year>2012</year>
</date>
<body>MANILA, Philippines - Idineklara na kahapon ng Malaca&ntilde;ang ang mga regular holidays, special non-working days at special holiday para sa 2013. Sinabi ni Deputy Presidential spokesperson Abigail Valte, pinirmahan na ni Pangulong Aquino ang Proclamation No. 459 na nagdedeklara bilang mga regular holiday ang New Year’s Day, Enero 1 (Martes); Huwebes Santo, March 28; Biyernes Santo, March 29; Araw ng Kagi&shy;tingan, Abril 9 (Martes); at Labor Day, Mayo 1 (Miyerkules); Independence Day, Hunyo 12 (Miyerkules); National Heroes Day, Agosto 26 (Monday); Bonifacio Day, Nobyembre 30, (Sabado); Christmas Day, Disyembre 25 (Miyerkules); at Rizal Day, Disyembre 30, (Lunes). Special non-working days naman ang Black Saturday, Marso 30; Ninoy Aquino Day, Agosto 21 (Miyerkules); All Saints Day, Nobyembre 1 (Biyernes). Special non-working days din ang Nobyembre 2, (Sabado); Disyembre 24, (Martes); at Disyembre 31 (Martes). Special holiday ang anibersaryo ng EDSA Revolution na Pebrero 25 (Martes). Holiday din umano ang Eid’l Fitr at Eidul Adha pero iaanunsiyo na lamang kung kailan ito base sa Islamic calendar.</body>
<link>http://www.philstar.com/Article.aspx?articleId=844387&publicationSubCategoryId=92</link>
</article>
<article>
<title>Gunman ni Venson Evangelista timbog</title>
<author>Ni Joy Cantos</author>
<date>
<month>September</month>
<day>02</day>
<year>2012</year>
</date>
<body>MANILA, Philippines - Naaresto ng mga awtoridad ang itinuturong gunman sa kaso ng pagdukot at pagpaslang sa car dealer na si Venson Evangelista na ang bangkay ay sinunog pa noong 2011 sa isinagawang follow-up operation sa Dasmari&ntilde;as City, Cavite kamakalawa. Kinilala ni PNP–Highway Patrol Group Director P/Chief Supt. Leonardo Espina ang suspek na si Rolando “Rolly” Talban, isa sa miyembro ng notoryus na Dominguez carjacking gang. Si Talban, gumagamit ng mga alyas Eduardo Fernandez at Michael Villafranca ay may patong sa ulong P500,000 kapalit ng kaniyang pagkakaaresto. Ayon kay Espina, ang suspek ay nasakote ng mga operatiba ng Dasmarinas City Police dakong alas-11:40 ng gabi sa harapan ng Bagong Bayan Elementary School sa Brgy. Burol 1 ng lungsod kaugnay ng kasong frustrated homicide kung saan nagpakilala ito bilang Wilson Mendoza. Sa isinagawang imbestigasyon at beripikasyon ng Task Force Limbas ng PNP–HPG ay natukoy na ang suspek ay nagpapanggap lamang at ito ang wanted na si Talban na sangkot sa serye ng carjacking. Sinabi ni Espina na ang suspek ay positibong nakilala sa isang ‘tribal tattoo’ sa kaniyang kanang balikat at Superman tattoo naman sa kaliwang balikat gayundin ang peklat&nbsp;nito sa kaliwang dibdib at hita na nakuha nito sa engkuwentro sa PNP-HPG personnel noong 2010. Bukod sa pagpatay kay Evangelista, si Talban rin ang itinuturong pumatay sa isang government employee na si Teresita Teano sa isang kaso ng carjacking&nbsp;noong nakaraang taon sa Quezon City.</body>
<link>http://www.philstar.com/Article.aspx?articleId=844386&publicationSubCategoryId=92</link>
</article>
<article>
<title>1 patay, 2 sugatan sa lindol</title>
<author>Ni Joy Cantos/Angie dela Cruz</author>
<date>
<month>September</month>
<day>02</day>
<year>2012</year>
</date>
<body>MANILA, Philippines - Isang ginang ang nasawi habang sugatan naman ang 5 anyos nitong apong lalaki at isa pang 9-anyos na batang lalaki matapos salantain ng 7.7 magnitude na lindol ang Eastern Samar nitong Biyernes ng gabi.&nbsp; Kinilala ni National Disaster Risk Reduction and Management Council (NDRRMC) Executive Director Benito Ramos ang nasawing si Elenita Ubalde, 44, at ang sugatang apo na si Adrian Rosales at si Andrew Mendoza. Ayon kay Ramos, gumuho ang bahay nina Ubalde matapos ang landslide na dulot ng Intensity IV lindol na tumama naman sa Dacudao compound sa Upper Kolambong, Brgy. Lapasan , Cagayan de Oro City. Sa inisyal na report ng US Geological Survey, naitala sa 7.9 magnitude ang lindol pero ibinaba ito sa 7.6 magnitude. Agad na nag-isyu ang Phivolcs ng tsunami alert level 3 pero dakong alas-12:01 ng madaling araw ay tinanggal din ito. Ang insidente ay nagdulot ng paglikas ng libu-libong residente na malapit sa karagatan ng Eastern Samar, Northern Samar, Samar, Leyte, Southern Leyte at Surigao del Norte pero kahapon ng umaga ay nagsibalikan na ang mga ito sa kanilang mga tahanan. Tinaya naman ng Phivolcs na abutin pa ng buwan ang pagkakaroon ng mga aftershocks. Sinabi ni Phivolcs Director Renato Solidum, karaniwan lamang na magkaroon ng matagalang mga aftershocks kapag ganito kalakas ang naganap na pagyanig sa isang lugar. Kahapon, umabot na sa 139 ang aftershocks. Naitala rin ang maliliit na tsunami na umabot sa 19 cm sa Surigao City.</body>
<link>http://www.philstar.com/Article.aspx?articleId=844385&publicationSubCategoryId=92</link>
</article>
<article>
<title>Palasyo di pa alam kung saan ipupuwesto si Puno</title>
<author>Ni Malou Escudero/Angie dela Cruz</author>
<date>
<month>September</month>
<day>02</day>
<year>2012</year>
</date>
<body>MANILA, Philippines - Hindi pa tiyak sa nga&shy;yon kung saan mapupunta si Department of Interior and Local Government (DILG) Undersecretary for peace and order Rico Puno matapos bigyan ng pagkakataon ni Pa&shy;ngulong Aquino si incoming DILG Secretary Mar Roxas na kumuha ng sarili niyang mga tauhan. Nauna ng pinabakante ni Roxas ang mga co-terminus appointees sa DILG kung saan kasama sa mga dapat magbitiw si Puno na kilalang shooting buddy ni Pangulong Aquino. Pero nagkaroon ng mga ispekulasyon na malamang malilipat si Puno sa Department of Agriculture (DA). Una nang sinabi ng Pangulo na buo ang kanyang kumpiyansa at tiwala kay Roxas para isagawa ang sariling diskarte sa trabahong iniwan ni Robredo. Samantala, inihayag naman ni deputy presidential spokesperson Abigail Valte na hindi pa rin tiyak kung sasama sa administrasyong Aquino si Senator Panfilo “Ping” Lacson sa sandaling matapos na ang termino nito sa Senado. Kabilang si Lacson sa mga senador na ga-graduate sa Senado sa susunod na taon. Pero tiniyak ni Valte na sakaling magsisilbi si Lacson sa administrasyong Aquino ay agad naman itong ihahayag sa publiko.</body>
<link>http://www.philstar.com/Article.aspx?articleId=844384&publicationSubCategoryId=92</link>
</article>
<article>
<title>Watchlist vs Corona, anak at manugang</title>
<author>Ni Doris Borja</author>
<date>
<month>September</month>
<day>02</day>
<year>2012</year>
</date>
<body>MANILA, Philippines - Posibleng magpalabas ng watchlist order ang Department of Justice (DoJ) laban kay da&shy;ting Supreme Court chief justice Renato Corona.&nbsp;&nbsp;&nbsp;&nbsp;&nbsp;&nbsp;&nbsp;&nbsp;&nbsp;&nbsp; Ayon kay DoJ Sec. Leila de Lima, makiki&shy;pagpulong siya kay Bureau of Internal Revenue (BIR) Commissioner Kim Henares para pag-usapan ang posibleng paglalabas ng lookout bulletin o lookout order laban kay Corona, anak na si Carla Beatriz Corona Castillo at asawa nitong si Constantino Castillo III. Magugunitang sinampahan ng mahigit P150 million tax evasion case ng BIR sa DoJ ang mga Corona. Pero giit ni de Lima, bahagi lamang ito ng pagganap ng kaniyang trabaho at hindi ito ginagawa bilang panggigipit. Layunin nitong mabantayan kung sakaling aalis palabas ng bansa ang mga ito dahil responsibilidad ng mga ito na ipaliwanag sa publiko&nbsp;ang kanilang&nbsp;pagkakasala.</body>
<link>http://www.philstar.com/Article.aspx?articleId=844383&publicationSubCategoryId=92</link>
</article>
<article>
<title>Mga tren ng LRT pabebendisyunan</title>
<author>Ni Mer Layson</author>
<date>
<month>September</month>
<day>02</day>
<year>2012</year>
</date>
<body>MANILA, Philippines - Upang mawala ang umano’y kamalasan dahil sa sunud-sunod na mga suicide at palagiang pagkasira at pagkakatigil ng operasyon ng Light Rail Transit (LRT), plano ngayon ng pamunuan ng LRTA na pabendisyunan ang mga tren nito. Ayon kay LRTA spokesman Atty. Hernando Cabrera, tila nagi&shy;ging “takbuhan” ng mga taong desperado na sa buhay ang LRT kaya sa pamamagitan ng bendis&shy;yon ng pari ay umaasa silang hindi na mauulit ang mga pagpapatiwakal dito na ang pinakahuli ay isang babae na tumalon sa riles ng LRT sa EDSA Station sa Pasay City noong Huwebes. Nabatid na si LRT-1 train operator Anthony Gunay, 35, ay sinampahan na ng mga pulis ng kasong reckless imprudence resulting in homicide dahil sa pagpapakamatay ng biktimang si Lucy Aroma, 52. Si Aroma ay tumalon sa riles ng LRT-1 EDSA station, noong Huwebes ng madaling araw at mabangga ng tren na ino-operate ni Gunay. Ipinaliwanag naman ni Gunay na nang tumalon ang biktima sa riles ay tinangka niyang pahintuin ang tren ngunit huli na dahil nabangga na niya si Aroma bago pa niya napatigil ang tren. Sinasabing may malubhang karamdaman si Aroma na nagtulak para wakasan nito ang buhay. Tiniyak naman ni LRTA spokesman Hernando Cabrera na sa ngayon ay hindi muna nila papayagan si Gunay na mag-operate ng tren dahil sa trauma. Nilinaw nito na hindi suspendido ang operator ngunit standard operating procedure (SOP) nila na hindi muna siya pwede mag-operate ng tren. Idinagdag pa nito na kinailangang sampahan ng mga pulis ng kaso ang operator ngunit susuportahan umano nila ito at idedepensa.</body>
<link>http://www.philstar.com/Article.aspx?articleId=844382&publicationSubCategoryId=92</link>
</article>
<article>
<title>7.9 lindol sa Samar, Mindanao</title>
<author></author>
<date>
<month>September</month>
<day>01</day>
<year>2012</year>
</date>
<body>MANILA, Philippines - Isang magnitude 7.9 lindol ang tumama sa eastern Samar at Mindanao bandang alas&shy;8:47 kagabi. Nag&shy;isyu na ng tsunami warning ang US seismologists sa Pilipinas, Indonesia, Taiwan at Japan. Ayon sa US Geological Survey, ang lindol ay may lalim na 33 kilometro (20 milya) at ang sentro ay nasa 135 kilometro ng Sulangan, Samar. Sa report naman ng Philippine Institute of Volcanology and Seismology (Phivolcs), may lakas na magnitude 7.7 ang lindol. Samantala, naramdaman ang intensity 6 sa Ormoc at Sorsogon. Bunsod nito, nagpala&shy; bas na si Phivolcs Direc&shy; tor Renato Solidum ng tsunami warning alert 3 sa mga baybayin ng northern Samar, eastern Samar, bahagi ng southern Leyte, Surigao del Norte at Surigao del Sur. Agad din pinayuhan ng Phivolcs ang mga residente rito na lumikas na o pumunta sa p inakamataas na lugar dahil sa posibleng tsunami. Naramdaman din ang pagyanig sa Davao City dahilan para mag&shy;panic at magtakbuhan palabas ng mga gusali at kanilang mga tahanan ang mga residente. Wala pang iniulat na nasaktan sa insidente habang isinusulat ang balitang ito. Inaasahan naman ang mga aftershocks dahil sa lindol.</body>
<link>http://www.philstar.com/Article.aspx?articleId=844069&publicationSubCategoryId=92</link>
</article>
<article>
<title>MMDA may traffic rerouting sa Alay Lakad</title>
<author>Ni Danilo Garcia</author>
<date>
<month>September</month>
<day>01</day>
<year>2012</year>
</date>
<body>MANILA, Philippines - Magpapatupad ng traffic re-routing ang Metropolitan Manila Development Authority (MMDA) sa darating na Linggo sa Maynila kasabay ng 2012 Alay Lakad mula alas-4 ng madaling araw hanggang alas-12 ng tanghali. Isasara sa trapiko ang north at southbound lane ng Roxas Blvd., mula Pres. Quirino; P. Burgos mula Roxas Blvd hanggang Lagusnilad east at westbound; TM Kalaw mula Roxas Blvd., hanggang Taft Ave. East at Westbound; at Ayala corner Finance Road. Sa inilatag na re-routing, lahat ng behikulo mula sa southern Metro Manila na daraan ng Roxas Blvd. ay dapat kumanan sa P. Ocampo o Pres. Quirino, kaliwa sa Taft Ave. hanggang destinasyon. Lahat ng pampublikong sasakyan na dumaraan ng A. Mabini St. ay kakanan sa P. Gil o dumiretso at kumanan sa UN Ave., kaliwa sa Taft Ave. &nbsp;Ang mga galing ng northern Metro&nbsp;Manila galing sa Delpan bridge ay padaraanin sa A. Soriano, diretso sa Magallanes Drive, kanan sa P. Burgos diretso ng Lagusnilad. Ang mga galing sa mga tulay ng McArthur, Jones at Quezon ay padidiretsuhin ng Lagusnilad/Taft Ave. hanggang destinasyon. Sa mga trak na bumibiyahe ng Osme&ntilde;a Hi-way, kakanan sa Pres. Quirino Ave., diretso sa Nagtahan, AH Lacson, Yuseco St., tatawid sa Jose Abad Santos, diretso ng Raxabago, Capulong hanggang sa destinasyon. Lahat ng galing sa Road 10 ay padaraanin sa Capulong hanggang sa destinas&shy;yon.</body>
<link>http://www.philstar.com/Article.aspx?articleId=844002&publicationSubCategoryId=92</link>
</article>
<article>
<title>DFA may bagong satellite office sa SM Megamall</title>
<author>Ni Ellen Fernando</author>
<date>
<month>September</month>
<day>01</day>
<year>2012</year>
</date>
<body>MANILA, Philippines - Pormal nang pinasinayaan ang bagong consular satellite office ng Department of Foreign Affairs (DFA) sa pangunahing shopping mall sa Metro Manila sa SM Megamall, Mandaluyong City kahapon ng hapon. Pinangunahan ni Foreign Affairs Usec. for Administration Rafael Seguis at Hans T. Sy, President ng SM Prime Holdings Inc. ang pag-cut ng ribbon kasama ang matataas na opisyal ng DFA at SM. Ayon kay Seguis, ang bagong consular office na maaaring makapag-accommodate ng 1,000 passport applicants kada araw ay may lawak na 1,200 square meters at matatagpuan sa ika-pitong palapag ng bagong tayong Building C ng SM Megamall. Bubuksan sa publiko ngayong Lunes (Setyembre 3, 2012) para sa passport application&nbsp;ang bagong DFA-consular satellite na may 28 DFA personnel. Sisimulan ang processing at releasing ng passport ng alas-10 ng umaga hanggang alas-8 ng gabi mula Lunes hanggang Sabado habang tuwing Linggo ang releasing ng passport lamang. Ang mga aplikante na may naka-iskedyul na appointments at senior citizens na may balidong pruweba ng kanilang edad ang ia-accommodate. Sinabi pa ni Seguis na walang ginastos ang DFA sa pagpapagawa ng mga bagong pasilidad at maging ang bayarin sa mga makukunsumong kuryente at aircon.</body>
<link>http://www.philstar.com/Article.aspx?articleId=844001&publicationSubCategoryId=92</link>
</article>
<article>
<title>Mataas na buwis may epekto sa inflation</title>
<author>Ni Malou Escudero</author>
<date>
<month>September</month>
<day>01</day>
<year>2012</year>
</date>
<body>MANILA, Philippines - Magreresulta umano sa mataas na inflation rate ngayong taon ang 708 porsiyentong excise tax sa mga mumurahing brand ng sigarilyo. Sa pag-aaral na ginawa ng mga ekonomista mula sa University of Asia and the Pacific (UA&amp;P), posibleng tumaas ng 34 percent ang target ng gobyerno na 3.3% inflation rate ngayong 2012. Lumabas din umano sa pag-aaral na ang inaprubahang panukala sa Kamara na magpapataw ng napakataas na buwis sa sigarilyo ay mag&shy;reresulta sa 50.5 porsi&shy;yentong paghina ng benta ng mga tobacco manufacturers na makakaapekto rin sa ekonomiya. Nasa P19 bilyon halaga naman ng household incomes at 90,633 direct at indirect na trabaho na maaapektuhan umano kapag cigarette tax hike. Posible umanong maapektuhan ang investment rating ng administrasyong&nbsp;Arroyo sa sandaling mas humina ang ekonomiya dahil sa ipapataw na mataas na buwis. Bukod sa matinding epekto sa inflation, hihilahin din umano pababa ng mataas na buwis sa tobacco ang gross domestic product ng bansa sa susunod na taon. Iprinisinta ni Cid Terosa, Associate Professor at UAP Vice-Dean ng School of Economics, ang magiging epekto ng babaguhing buwis sa sigarilyo sa hearing ng Senado sa excise tax. Ang industriya umano ng tobacco ay nakakapag-ambag ng 179,674 karagdagang direct at indirect employment noong 2010. Kung mawawala ang industriya, ang bilang ng mga walang trabaho sa bansa ay tataas umano ng 6.3 porsiyento.</body>
<link>http://www.philstar.com/Article.aspx?articleId=844000&publicationSubCategoryId=92</link>
</article>
<article>
<title>CA pabor sa EO #2 ni PNoy</title>
<author>Ni Ludy Bermudo</author>
<date>
<month>September</month>
<day>01</day>
<year>2012</year>
</date>
<body>MANILA, Philippines - Walang naging grave abuse of discretion sa panig ni Pangulong&nbsp;Aquino sa pagpapalabas ng Executive Order number 2 na nagpapawalang bisa sa mga midnight appointment ni dating Pangulong Gloria&nbsp; Macapagal Arroyo. Saad ito sa magkakahiwalay na desisyon na ipinalabas ng Court of Appeals&nbsp; (CA) Former 8th Division na pinamumunuan ni Justice Noel Tijam, hinggil&nbsp;sa anim na petisyong kumukwestiyon sa EO 2. Samantala sa u&shy;sapin naman tungkol sa kanilang posibleng re-appointment, tinukoy ng CA na ipinauubaya na nila ang pagpapasiya sa Office of the President na siyang may discretion sa isyu. Gayuman, bukod tanging ang petisyong inihain lamang ni Office of Muslim Affairs Chief Bai Omera Dianalan-Lucman ang kinatigan ng korte dahil ito raw ay naitalaga sa pwesto sa panahong hindi sakop ng appointment ban. Dahil dito, iniutos ng CA ang reinstatement kay Lucman sa dati nitong posisyon. Dapat umanong pagsilbihan ni Lucman ang unexpired na bahagi ng kanyang appointment at dapat din umanong ipagkaloob sa kanya ang kaniyang sweldo at benepisyo mula sa pa&shy;nahon na siya ay&nbsp;maalis sa pwesto.</body>
<link>http://www.philstar.com/Article.aspx?articleId=843998&publicationSubCategoryId=92</link>
</article>
<article>
<title>Nire-recycle na droga talamak</title>
<author>Ni Malou Escudero</author>
<date>
<month>September</month>
<day>01</day>
<year>2012</year>
</date>
<body>MANILA, Philippines - Masyado na umanong talamak ang kaso ng mga nakumpiskang illegal na droga na nare-recycle at muling naipagbibili o nagagamit. Ayon kay Sen. Frank&shy;lin Drilon, mahina ang pagpapatupad sa special provision ng Republic Act 9165 o ang Comprehensive Dangerous Drugs Act of 2002 na naglalayong mapigilan ang recycling ng mga nakumpiskang ilegal na droga. Noon umanong nanunungkulan pa si Drilon bilang Secretary of Justice kalimitang sinasabi ng police officer na nagsusumite ng ebidensiya ng nakumpiskang droga na ito ay nawala o di kaya naman ay kinain ng mga daga. Batid naman umano noon ng DOJ ang nangyayaring pagre-recycle ng mga nakukumpiskang ilegal na droga lalo na’t malalaking volume ang nakukumpiska ng mga awtoridad. Iminungkahi ni Drilon sa Justice Department na makipag-usap sa PDEA , Dangerous Drugs Board at Court Administrator upang makapagpalabas ng isang circular o memorandum na magpapatupad ng special provision tungkol sa mga nakukum&shy;piskang droga. Sa section 21 ng &nbsp;RA 9165, na sa loob ng 72 oras matapos ang pag&shy;hahain ng isang kasong criminal, magsasagawa agad ang korte ng ocular inspection sa mga nakumpiskang droga upang magawa na kaagad ng PDEA ang disposition sa mga ito sa loob ng 24-oras.</body>
<link>http://www.philstar.com/Article.aspx?articleId=843996&publicationSubCategoryId=92</link>
</article>
<article>
<title>BIR: Ebidensiya vs Corona kulang pa</title>
<author>Ni Angie dela Cruz</author>
<date>
<month>September</month>
<day>01</day>
<year>2012</year>
</date>
<body>MANILA, Philippines - Inamin ng Bureau of Internal Revenue (BIR) na kulang-kulang pa ang kanilang mga ebidensiya laban kay dating Chief Justice Renato Corona kahit na naghain na sila ng kasong tax evasion laban sa dating punong mahistrado. Gayunman, nilinaw ni BIR Commissioner Kim Henares, batay sa mga hawak nilang dokumento may mga nagawang paglabag sa pagbubuwis si&nbsp;Corona. Tinukoy ni Henares ang P20-milyong SALN declaration ni Corona gayung ang networth nito ay mahigit sa P160 milyon. Maliban kay Corona, sabit din sa kaso ang anak nitong si Maria Carla Beatriz at manugang na si Constantino Castillo dahil din sa paglabag sa batas sa pagbubuwis.</body>
<link>http://www.philstar.com/Article.aspx?articleId=843994&publicationSubCategoryId=92</link>
</article>
<article>
<title>Roxas binati ni Lacson</title>
<author>Ni Malou Escudero</author>
<date>
<month>September</month>
<day>01</day>
<year>2012</year>
</date>
<body>MANILA, Philippines - Nagpahatid kaagad ng pagbati si Senator Panfilo “Ping” Lacson sa bagong talagang kalihim ng Department of Interior and Local Government na si Mar Roxas kapalit ng nasawing si dating DILG Secretary Jesse Robredo. Ikinuwento pa ni Lacson na kamakalawa ng gabi ay nakita niya ang missed call ni Roxas kaya agad niya itong tinawagan at binati. Ayon kay Lacson, tama lamang ang na&shy;ging desisyon ni Pangulong Aquino na italaga sa DILG si Roxas at ang iiwanan naman itong posisyon sa Department of Transportation and Communication ay ibibigay kay Cavite Rep. Joseph Emilio Abaya. Marapat lamang uma&shy;no na ibigay sa mga miyembro ng “party in power” na Liberal Party ang mga sensitibong posisyon sa gobyerno. Nilinaw din ni Lacson na bagaman at palaging nababanggit ang kaniyang pangalan na posibleng maging susunod na kalihim ng DILG, hindi naman dapat pangunahan ang Pangulo sa desisyon nito. “Unang una sabi ko nga hindi competition ito at di ako nakikipag-compete. Siguro correct ko ang salitang give way. Di kailangan mag-give way kasi prerogative ng pangulo mamili at mag-appoint sino ang nararapat sa position,” ani Lacson.</body>
<link>http://www.philstar.com/Article.aspx?articleId=843993&publicationSubCategoryId=92</link>
</article>
<article>
<title>Papalit kay Abaya pag-uusapan pa</title>
<author>Ni Gemma Garcia</author>
<date>
<month>September</month>
<day>01</day>
<year>2012</year>
</date>
<body>MANILA, Philippines - Pag-uusapan pa ng liderato ng Kamara kung sino ang dapat pumalit kay Cavite Rep. Joseph Emilio Abaya matapos itong maitalaga bilang bagong kalihim ng Department of Transportation and Communications (DOTC). Ito ay kasunod naman ng pagkakatalaga kay DOTC Secretary Mar Ro&shy;xas bilang bagong kalihim ng Department of Interior and Local Government (DILG) kapalit ni Sec.Jesse Robredo. Ayon kay House Majority leader Neptali Gonzales II, pag-uusapan pa nilang mabuti kung sino ang dapat papalit sa iniwang komite ni Abaya. Si Abaya ay chairman ng House Committee on Appropriations. Samantalang ang iniwan naman umanong distrito ni Abaya ay ma&shy;aari namang magtalaga muna dito ng Officer in Charge (OIC) si House Speaker Feliciano Belmonte. Giit pa ni Gonzales, si Abaya ay “excellent addition” sa mga opisyal ni Pangulong Aquino dahil na rin sa kapabilidad nito sa pamamahala.</body>
<link>http://www.philstar.com/Article.aspx?articleId=843990&publicationSubCategoryId=92</link>
</article>
<article>
<title>Magtipid sa tubig - Pagasa</title>
<author>Ni Angie dela Cruz</author>
<date>
<month>September</month>
<day>01</day>
<year>2012</year>
</date>
<body>MANILA, Philippines - Hiniling ng pamunuan ng Pagasa sa publiko na magtipid sa paggamit ng tubig. Ayon kay Nathaniel Servando, administrator ng Pagasa, panahon na para magtipid sa paggamit ng tubig ang publiko dahil mananaig ang “below normal rainfall” sa halos parte ng bansa ngayong Setyembre bunga ng inaasahang pagpasok ng El Ni&ntilde;o phenomenon o panahon ng tag-init. Sinabi ni Servando, may 60-70 porsiyento na papasok ang El Ni&ntilde;o sa bansa dahil sa mga senyales na namonitor sa nakalipas na tatlong buwan tulad ng pagiging below normal ng inaasahang ulan ngayong Setyembre. Binigyang diin ni Servando na dapat pa ring mag-ingat ang publiko kahit na pumasok ang El Ni&ntilde;o dahil ang super typhoon Ondoy at Pepeng noong 2009 &nbsp;ay naganap noong panahong ito.</body>
<link>http://www.philstar.com/Article.aspx?articleId=843987&publicationSubCategoryId=92</link>
</article>
<article>
<title>Roxas, Abaya kumpirmahin agad - Pnoy</title>
<author>Ni Rudy Andal</author>
<date>
<month>September</month>
<day>01</day>
<year>2012</year>
</date>
<body>MANILA, Philippines - Hiniling ni Pangulong Aquino sa Commission on Appointments (CA) na agarang ikunsidera ang confirmation nina bagong DILG Sec. Mar Roxas at DOTC Sec. Emilio Abaya upang makaupo na sila sa kanilang mga posisyon. Ayon sa Pangulo, dahil nasa sesyon ang Kongreso ay kaila&shy;ngang makumpirma muna sina Roxas at Abaya sa kanilang bagong puwesto bago sila makaupo kaya nakikiusap siya sa CA para sa agarang kumpirmasyon ng mga ito.&nbsp; Sinabi ng Pangulo, si Roxas ang napisil niyang pumalit kay yumaong DILG Sec. Jesse Robredo upang maipagpatuloy nito ang naiwang mga reporma ni Robredo sa nasabing ahensiya. Si Cavite Rep. Abaya naman ang ipapalit niyang kalihim ng DOTC na iiwang puwesto ni Roxas. Kapwa lider ng Li&shy;beral Party (LP) na kinabibilangan ni Aquino sina Roxas at Abaya. Si Roxas ang pangulo ng LP habang si Rep. Abaya naman ang secretary-general nito. Siniguro naman ni Roxas na pinapalakas ng LP ang hanay nito at inaayos na ang senatorial slate nito hanggang sa local candidates para sa darating na May 2013 elections. Idinagdag pa ni Ro&shy;xas, ng tanggapin niya ang alok ni Pangulong Aquino bilang kapalit ni Robredo ay hindi umano pulitika ng 2016 ang kanyang nasa isip kundi ipagpatuloy ang naiwang legacy ni Sec. Jesse. Wika pa ng bagong DILG chief, sinisiguro niyang hindi mapupulitika ang DILG sa kanyang pag-upo bilang kapalit ni Robredo kundi nais lamang niyang ituloy ang mga programang naiwan ng yumaong kalihim.</body>
<link>http://www.philstar.com/Article.aspx?articleId=843986&publicationSubCategoryId=92</link>
</article>
<article>
<title>Nanapak ng MMDA enforcer, 5 taon pa bago muling makakapagmaneho</title>
<author>Ni Angie dela Cruz</author>
<date>
<month>September</month>
<day>01</day>
<year>2012</year>
</date>
<body>MANILA, Philippines - Bibilang ng limang taon ang Philip Morris official na si Robert Blair Carabuena bago makapagmaneho ulit kapag nakansela ang driver’s license nito kaugnay ng ginawang pagmumura at pana&shy;napak sa&nbsp;MMDA enforcer na si Sonny Fabros kamakailan. Sa isang press conference, sinabi ni Atty Teofilo Guadiz, hepe ng LTO-NCR,ang hakbang ay gagawin oras na mapatunayang nagkasala si Carabuena. “Hindi malayong ma-cancel namin ang driver’s license ni Carabuena kapag napatunayang nagkasala yan at maghihintay siya ng 5 taon para makapagmaneho ulit, mag-aaplay siya ng panibago sa LTO,” sabi ni Guadiz. Sa hearing kahapon ng LTO-NCR, hindi humarap sa ahensiya si Carabuena at tanging ang abogado nitong si Atty. Ceasar Ortega ang nagtungo dito. Ayon kay Atty. &nbsp;Ortega, nalito sila kung aling subpoena ang kanilang sasagutin para makapag-submit ng counter affidavit dahil mayroon ding isa pang subpoena hinggil dito ang LTFRB head office. Sabi ni Guadiz, sila ang unang nag-subpoena kay Carabuena hinggil sa planong pagkansela ng driver’s license nito, kaya ang LTO muna ang dapat na bigyan nito ng paliwanag kung bakit hindi ito maaaring kanselahin ang lisensiya. Sinabi pa ni Guadiz na ang LTO ang nagbigay ng driver’s license kay Carabuena kayat LTO din ang dapat na magkansela nito kung mapapatunayang nagkasala ito kaugnay ng naganap na pananakit kay Fabros. Nilinaw ni Guadiz na kahit na humingi ng tawad si Carabuena sa publiko sa nagawa kay Fabros, tuloy pa rin ang kaso.</body>
<link>http://www.philstar.com/Article.aspx?articleId=843985&publicationSubCategoryId=92</link>
</article>
<article>
<title>Lacson at de Lima bati na</title>
<author>Ni Malou Escudero</author>
<date>
<month>September</month>
<day>01</day>
<year>2012</year>
</date>
<body>MANILA, Philippines - Matapos ang matin&shy;ding palitan ng maaanghang na salita, kinumpirma kahapon ni Sen. Panfilo “Ping” Lacson na nagbati na sila ni Justice Secretary Leila de Lima. Ikinuwento ni Lacson na siya mismo ang gumawa ng paraan para makausap si de Lima at mabati ito noong kaa&shy;rawan niya. “Gusto ko rin ipaalam sa inyo na I already made a peace offering with Sec. de Lima, nalaman ko kaa&shy;rawan niya noon, pinatanong ko ang kanyang cell number at greet ko sa kanya, paraphrase ko na lang, if this is my way of offering peace to you, sabi ko happy birthday,” sabi ni Lacson. Nagpahayag naman umano ng pagkagulat si de Lima at nagpasalamat sa kaniyang pagbati. “Siya (de Lima) naman nag-reply, sabi niya what a pleasant surprise at nagpasalamat din siya,” ani Lacson. Naiintindihan naman umano ng senador ang pagiging passionate ni de Lima sa pagtupad sa kaniyang trabaho at sa paggigiit ng sa tingin nito ay tama. Matatandaan na na&shy;ging matindi ang palitan ng mga maaanghang na salita sa pagitan nina Lacson at de Lima ng halos isang taon matapos magtago sa batas ang senador dahil sa pagkakasangkot ng kaniyang pangalan sa Dacer-Corbito double murder case. Sinabi pa ni Lacson na posibleng siya pa ang magrekomenda ng kumpirmasyon ni de Lima sa sandaling isalang ito sa Commission on Appointments.</body>
<link>http://www.philstar.com/Article.aspx?articleId=843984&publicationSubCategoryId=92</link>
</article>
<article>
<title>DILG 'wag gamitin sa pulitika</title>
<author>Nina Malou Escudero at Gemma Garcia</author>
<date>
<month>September</month>
<day>01</day>
<year>2012</year>
</date>
<body>MANILA, Philippines - Isang malaking hamon umano kay Secretary Mar Roxas ang mapigilang magamit ang Department of Interior and Local Government (DILG) sa pulitika at&nbsp;eleksiyon sa susunod na taon. Ito ang sinabi kahapon ni Sen. Gregorio “Gringo” Honasan matapos italaga ni Pangulong Aquino si Roxas bilang bagong kalihim ng DILG kapalit ng namayapang si dating secretary Jesse Robredo. Ayon kay Honasan, kaya marahil umani ng papuri si Robredo at napakataas ng approval sa kaniya kahit pa miyembro siya ng Liberal Party ay dahil hindi niya ginamit sa pulitika ang DILG at nanatili itong non-partisan. “Yan ang challenge kay Secretary Mar. Kaya siguro si Secretary Robredo umani ng universal praise and approval, ang approach niya sa trabaho kahit Liberal Party member siya was non-partisan, ideologically, politically, even sa religious sector, wala akong narinig na negative sa kanya,” sabi ni Honasan. Ang hamon umano ngayon kay Roxas ay ang maging non-partisan at hindi dapat nitong payagan na magamit ang DILG na namumuno sa pulisya at sa mga local government units sa mga usa&shy;ping pulitikal. Nangangamba naman si Bayan Muna Rep. Teddy Casi&ntilde;o na mauwi ang DILG sa pagiging Department of Interior and Liberal Party Governance sa pag-upo ni Roxas. Ayon kay Casi&ntilde;o, dahil sa mataas na posisyon ni Roxas sa LP at sa plano nitong tumakbo sa 2016 Presidential Elections si&shy;gurado umanong magagamit sa pulitika ang DILG. Bukod dito, magiging bukas din umano ang DILG sa patronage politics at hindi makatwirang pagmamaniobra ng ruling party. Sakaling mangyari umano ito ay masasa&shy;yang ang naipunlang pagbabago ng namayapang si Secretary Robredo. Para naman kay San Juan Rep. JV Ejercito, halatang pinalalakas lang ng LP ang kanilang pwer&shy;sa para sa darating na 2013 at 2016 elections kaya itinalaga ng Pa&shy;ngulong Aquino si Roxas sa DILG. Tiwala naman si House Speaker Feliciano Belmonte na kakayahin nina Roxas at bagong DOTC Secretary Joseph Emilio Abaya ang kanilang mga bagong pwesto bagamat parehong demanding ang kanilang posisyon.</body>
<link>http://www.philstar.com/Article.aspx?articleId=843983&publicationSubCategoryId=92</link>
</article>